Order_ID,Order_Date,Customer_Name,Region,Category,Product,Quantity,Price,Sales_Amount,Customer_Segment,Payment_Method,Sales_Channel
ORD101861,2025-11-09,Customer_3067,North,Beauty,Mobile,13.0,95251.46,1238268.98,Consumer,Debit Card,Online
ORD100354,2024-07-28,Customer_7438,West,Clothing,Desk,1.0,61022.2,61022.2,Consumer,Cash,Store
ORD101334,2024-05-15,Customer_7418,South,Electronics,Chair,5.0,73108.72,365543.6,Consumer,UPI,Online
ORD100906,2024-11-05,Customer_2674,Central,Beauty,Shoes,11.0,72028.8,792316.8,Small Business,UPI,Online
ORD101290,2025-08-11,Customer_2160,South,Grocery,Shirt,2.0,31389.31,62778.62,Corporate,UPI,Store
ORD101274,2025-08-24,Customer_2559,East,Furniture,Keyboard,12.0,53155.43,637865.16,Corporate,UPI,Online
ORD100939,2025-12-03,Customer_8121,West,Beauty,Headphones,14.0,75435.36,1056095.04,Corporate,Credit Card,Online
ORD101732,2024-12-13,Customer_1186,South,Grocery,Monitor,9.0,71944.07,647496.63,Small Business,Cash,Marketplace
ORD100066,2024-08-21,Customer_6170,East,Electronics,Shirt,10.0,44651.23,446512.3,Consumer,UPI,Store
ORD101324,2024-02-04,Customer_5537,Central,Furniture, Monitor,4.0,99971.41,399885.64,Small Business,Cash,Store
ORD100057,2025-10-05,Customer_3209,Central,Electronics,Mobile,7.0,16721.12,117047.84,Consumer,UPI,Online
ORD101293,2024-10-29,Customer_2463,East,,Headphones,7.0,13091.77,91642.39,Consumer,Credit Card,Store
ORD101119,2024-04-26,Customer_7286,West,Furniture,Desk,7.0,52571.45,368000.15,Corporate,Cash,Online
ORD100585,2024-08-28,Customer_6049,West,Beauty,Desk,12.0,61987.83,743853.96,Corporate,Cash,online
ORD100375,2025-06-02,Customer_3793,Central,Electronics,Headphones,4.0,24682.36,98729.44,Corporate,UPI,Marketplace 
ORD100276,2025-07-03,Customer_3308,North,Grocery,Laptop,6.0,44692.23,268153.38,Small Business,Debit Card,Store
ORD100747,2025-09-28,,West,Sports,Headphones,2.0,10682.48,21364.96,Consumer,Debit Card,Store
ORD100129,2024-08-12,Customer_7001,South,Grocery,Headphones,11.0,59067.37,649741.07,Consumer,Credit Card,Marketplace
ORD101647,2025-03-29,Customer_3615,Central,Clothing,Chair,5.0,48185.2,240926.0,Small Business,Cash,Store
ORD101853,2024-03-24,Customer_9467,South,Beauty,Desk,13.0,53475.63,695183.19,Consumer,Cash,Marketplace
ORD100675,2025-03-06,Customer_6642,East,Sports,Monitor,5.0,78405.88,392029.4,Corporate,Net Banking,Marketplace
ORD101665,2025-05-13,Customer_4084,Central,Beauty,Desk,9.0,21474.31,193268.79,Consumer,Net Banking,Store
ORD100986,,Customer_8183,South,Furniture,Shirt,2.0,96778.81,193557.62,Small Business,Debit Card,Marketplace
ORD101084,2025-11-04,Customer_2025,North,Beauty,Keyboard,8.0,62860.99,502887.92,Corporate,UPI,Marketplace
ORD101776,2025-03-28,Customer_3703,East,Furniture,Laptop,6.0,20437.48,122624.88,,Cash,Store
ORD100100,2024-11-28,Customer_6262,EAST,Grocery,Monitor,14.0,74609.12,1044527.68,Consumer,Credit Card,Marketplace
ORD101180,2024-06-04,Customer_2923,West,Grocery,Chair,6.0,3063.86,18383.16,Consumer,UPI,Online
ORD100965,,Customer_4290, North,Furniture,Headphones,6.0,27716.52,166299.12,Small Business,Debit Card,Online
ORD100793,2024-03-11,Customer_1257,Central,Beauty,Backpack,7.0,38828.59,271800.13,Corporate,Cash,Store
ORD100030,2025-08-26,Customer_9618,South,Furniture,Monitor,1.0,82012.7,82012.7,Corporate,Net Banking,Online
ORD100629,2024-11-20,Customer_7214,North,Clothing,Laptop,5.0,49983.45,249917.25,Corporate,Debit Card,Marketplace
ORD100945,2024-03-28,Customer_6916,North,Beauty,LAPTOP,13.0,94669.13,1230698.69,Consumer,Net Banking,Online
ORD100573,2025-06-07,Customer_9008,East,Grocery,Keyboard,6.0,27847.49,167084.94,Small Business,Cash,Marketplace
ORD100908,2025-12-26,Customer_2430,West,Furniture,Shirt,10.0,8975.14,89751.4,Small Business,Credit Card,Marketplace
ORD101081,2025-02-17,Customer_4519,South,grocery,Monitor,3.0,98181.69,294545.07, Small Business,UPI,marketplace
ORD100451,2025-11-29,Customer_1860,East,Clothing ,Headphones,8.0,5939.62,47516.96,,Cash,Store
ORD101610,2024-10-06,Customer_5026,North,Beauty,Shoes,6.0,72590.16,435540.96,Corporate,Net Banking,Store
ORD101291,2024-10-29,Customer_4751,East,Sports,Backpack,8.0,14791.48,118331.84,Consumer,Net Banking,Online
ORD101079,2024-11-27,Customer_7370,West,Furniture,Chair,8.0,69961.61,559692.88,Corporate,Debit Card,Online
ORD100255,2024-07-13,Customer_7809,North,Beauty,Desk,1.0,59911.53,59911.53,Consumer,Net Banking,Marketplace 
ORD100125,2025-03-14,,East,Clothing,Mobile,1.0,22631.46,22631.46,Corporate,UPI,Marketplace
ORD100807,2025-03-21,Customer_2753,Central,Sports,Keyboard,7.0,63685.42,445797.94,Small Business,Credit Card,Marketplace
ORD100252,2024-09-05,Customer_1981,North,Sports,Desk,7.0,85812.83,600689.81,Corporate,Net Banking,Store
ORD100586,2025-11-19,Customer_1356,South,Sports,Monitor,10.0,29805.77,298057.7,Small Business,Debit Card,Store
ORD101569,2025-11-17,Customer_8570,South,Beauty,,6.0,13238.67,79432.02,Corporate,Net Banking,
ORD100825,2025-04-20,Customer_2320,West,Furniture,Shirt,13.0,17430.66,226598.58,Consumer,Credit Card,Online
ORD100508,2025-03-20,Customer_9442,East,Electronics,Chair,6.0,76883.12,461298.72,Small Business,Debit Card,Store
ORD100890,2025-12-07,Customer_2204,North,Clothing,Mobile,9.0,88225.35,,Small Business,Net Banking,Store
ORD100071,2025-01-24,Customer_8756,West,Electronics,Laptop,12.0,82169.14,986029.68,Consumer,UPI,Store
ORD101609,2024-07-03,Customer_1567,East,Clothing,Backpack,10.0,20577.62,205776.2,Consumer,Debit Card,Store
,2025-11-01,Customer_2731,East,Clothing,Chair,12.0,3690.27,44283.24,Consumer,Net Banking,Online
ORD100248,,Customer_7653,East,Electronics,Shirt,,9616.62,96166.2,Corporate,Credit Card,Marketplace
ORD101451,2025-08-23,Customer_5444,South,Clothing,Shoes,,86706.65,953773.15,Corporate,UPI,Marketplace
ORD100213,,Customer_5982,East,BEAUTY,Backpack,7.0,84639.9,592479.3,Corporate,UPI,Marketplace
ORD100910,2024-05-09,Customer_8061,South,Sports,Keyboard,6.0,54556.04,327336.24,Small Business,Net Banking,Marketplace
ORD101742,2024-07-17,Customer_7323,West,Electronics,Shoes,7.0,76334.53,534341.71,,Net Banking,Online
ORD101245,2025-11-29,Customer_6631,West,Electronics,Mobile,6.0,86188.08,517128.48,Consumer,Cash,Marketplace
ORD101697,2025-02-10,Customer_6514,Central,Electronics,Desk,8.0,24656.16,197249.28,Small Business,net banking,Store
ORD101183,2024-05-09,Customer_6744,West,Electronics,Desk,12.0,45114.64,541375.68,Corporate,,Store
ORD100362,2025-10-22,Customer_8780,East,Beauty,Shirt,14.0,58747.46,822464.44,Small Business,UPI, Marketplace
ORD101474,2024-06-27,Customer_4974,North,Grocery,shoes,,78323.36,939880.32,Corporate,UPI,Marketplace
ORD100679,2024-01-21,Customer_7821,North,Furniture,Shirt,1.0,83070.39,83070.39,SMALL BUSINESS,Debit Card,Online
ORD101622,2024-05-25,Customer_9614,North,Beauty,Desk,3.0,94744.79,284234.37,Consumer,Net Banking,Store
ORD101090,2025-06-14,Customer_4228,East,Electronics,Chair,14.0,6927.26,96981.64,Corporate,Debit Card,Marketplace
ORD101095,2025-03-28,Customer_9646,South,Electronics,Headphones,14.0,82471.03,1154594.42,Corporate,Debit Card,Online
ORD101848,2024-09-15,Customer_5896,North,Furniture,Laptop,10.0,84343.48,843434.8,Small Business,Credit Card,Marketplace
ORD100988,2024-10-22,Customer_2133,West,Grocery,Laptop,14.0,11852.63,165936.82,Small Business,UPI,Marketplace
ORD101513,2024-03-08,Customer_7461,East,Beauty,Mobile,2.0,10570.33,21140.66,Consumer,UPI,Online
ORD100112,2025-11-02,Customer_1693,North,Clothing,Shirt,9.0,53082.4,477741.6,Corporate,Debit Card,Marketplace
ORD101488,2025-04-07,Customer_1157,North,Beauty,Shirt,8.0,57223.74,457789.92,Small Business,Net Banking,Online
ORD101454,2024-12-02,Customer_2956,North,Electronics,Mobile,1.0,55510.27,55510.27,Corporate,UPI,Marketplace
ORD100384,2025-03-24,Customer_8225,East,Furniture,Chair,7.0,89681.76,627772.32,Small Business, UPI,Store
ORD101396,2024-08-28,Customer_3877,North,Electronics,Shirt,12.0,79360.06,952320.72, Small Business,Net Banking,Online
ORD101055,2025-10-12,Customer_5919,West,Sports,Laptop,5.0,23353.04,116765.2,Consumer,Debit Card,Marketplace
,2025-04-21,Customer_6404,East,Beauty,Desk,7.0,74197.03,519379.21,Small Business,UPI,Store
ORD100325,2025-05-03,Customer_9261,West,Clothing,Headphones,3.0,91875.91,275627.73,Consumer,UPI,Store
ORD101624,2024-02-01,Customer_9907,Central,Beauty,Desk,14.0,72525.62,1015358.68,Small Business,Cash,Store
ORD100788,2024-12-21,Customer_8471,Central,Grocery,Laptop,7.0,287.8,2014.6,Corporate,UPI,Online
ORD100369,2025-09-28,Customer_1436,North,Sports,Mobile,2.0,84732.02,169464.04,Consumer,Debit Card,Marketplace
ORD101820,2024-02-10,Customer_7078,East,Electronics,Backpack,12.0,18101.56,217218.72,Corporate,Net Banking,Online
ORD100070,2024-04-13,Customer_9897,East,Beauty,Keyboard,12.0,6656.05,79872.6,Consumer,Debit Card,Marketplace
ORD100858,2025-05-17,Customer_5903,South,Grocery,Shirt,8.0,802.22,6417.76,Small Business,Net Banking,Marketplace
ORD101484,2025-01-05,Customer_1391,South,Clothing,Mobile,6.0,82688.79,496132.74,Small Business,Cash,Store
,2024-04-03,Customer_5066,West,,Keyboard,1.0,3239.04,3239.04,Consumer,, Online
ORD101692,,Customer_6978,West,Beauty,Shirt,3.0,80827.12,242481.36,Small Business,Credit Card ,Online
ORD101475,2024-09-28,Customer_8600,East,Grocery,Mobile,2.0,71532.37,143064.74,Consumer,Net Banking,Online
ORD101799,2025-04-18,,West,Furniture,Monitor,9.0,15045.18,135406.62,Consumer,UPI,Store
ORD100479,2025-04-16,Customer_5742,South,Grocery,Desk,9.0,59321.92,533897.28,,UPI,Online
ORD100282,2025-04-18,,Central,Furniture,Mobile,11.0,12384.78,136232.58,Corporate,Net Banking,Online
ORD101648,2025-11-08,Customer_2640,East,Furniture,Desk,10.0,89777.7,897777.0,Consumer,Debit Card,Marketplace
ORD101557,2024-03-28,Customer_6828,East,Clothing,Keyboard,12.0,73646.42,883757.04,Small Business,Cash,Online
ORD101730,2025-02-09,Customer_6500,East,Sports,Headphones,5.0,22566.53,112832.65,Consumer,Debit Card,Marketplace
ORD100211,2025-12-31,Customer_9488,Central,Sports,Headphones,11.0,96081.98,1056901.78,Corporate,Net Banking,Marketplace
ORD100298,2024-08-06,Customer_8491,North,Beauty,Mobile,3.0,58053.21,174159.63,Small Business,Cash,Online
ORD101885,2024-11-12,Customer_2641,East,Furniture,Chair,14.0,87810.65,1229349.1,Small Business,UPI,Store
ORD101834,2024-12-12,Customer_2584,North,Furniture,Keyboard,4.0,76495.44,305981.76,Consumer,Debit Card,Online
ORD100652,2024-08-28,Customer_4839,north,Clothing,Shirt,10.0,49595.67,495956.7,Corporate,Credit Card,Marketplace
ORD101234,2024-11-28,Customer_4568, West,ELECTRONICS,Mobile,13.0,91022.45,1183291.85,Consumer,Debit Card,Marketplace
ORD101503,2025-12-03,Customer_1719,East,Beauty,Backpack,13.0,87563.57,1138326.41,Small Business,UPI,Marketplace
ORD101049,2025-10-29,Customer_8801,Central,Electronics,Mobile,10.0,36101.74,361017.4,Small Business,Credit Card,Store
ORD100917,2024-05-09,Customer_6798,Central,Electronics,Mobile,9.0,61328.73,551958.57,Consumer,Credit Card,Store
ORD100994,2025-12-04,Customer_5139,East,Beauty,Keyboard,6.0,72546.04,435276.24,Corporate,Net Banking,Online
ORD100430,2025-03-13,Customer_5758,West,BEAUTY,Headphones,13.0,25638.94,333306.22,Consumer,Debit Card,Marketplace
ORD101371,2025-11-22,Customer_9791,West,Grocery,Laptop,5.0,80678.28,403391.4,Small Business,UPI,Marketplace
ORD100240,2024-03-13,Customer_7825,West, Sports,Headphones,11.0,41361.81,454979.91,Small Business,Net Banking,Online
ORD100880,2025-04-09,Customer_9038,West,Electronics,,12.0,62007.97,744095.64,Corporate,Credit Card,Store
ORD100621,2024-05-04,Customer_4648,South,Clothing,Headphones,2.0,83446.91,166893.82,Consumer,Credit Card,Online
ORD100257,2024-04-09,Customer_8609,South,Sports,Desk,1.0,23779.08,,Corporate,Credit Card, Store
ORD100612,2025-03-11,Customer_9835,South,Furniture,Chair,8.0,24933.17,199465.36,Small Business,UPI,Store
ORD100545,2024-10-29,Customer_3509,North,Furniture,Chair,14.0,32320.54,452487.56,Consumer,,Online
ORD100772,2025-01-19,Customer_4015,North,Clothing,Mobile,13.0,83284.78,1082702.14,Consumer,Net Banking,Online
ORD101420,2025-03-31,Customer_9128,South,Sports, Keyboard,,63245.77,316228.85,Small Business,Cash,Marketplace
ORD101042,2025-11-19,Customer_6110,South,Electronics,Mobile,10.0,,655627.1,Small Business,Net Banking,Marketplace
ORD101790,2025-01-12,Customer_2571,West,Beauty,Monitor,7.0,25356.08,177492.56,Small Business,,Marketplace
ORD100760,2024-06-20,Customer_9180,South,Clothing,Chair,10.0,87993.67,879936.7,small business,Debit Card,Store
ORD100383,2024-06-10,Customer_1310,East,Clothing,Monitor,8.0,43143.12,345144.96,,Net Banking,Store
ORD101104,2025-05-11,Customer_5873,North,Sports,Mobile,12.0,34106.54,409278.48,Small Business,UPI,Store
ORD100974,2024-09-02,Customer_6339,Central,Clothing,Backpack,5.0,61385.97,306929.85,Small Business,UPI,Marketplace
,2024-09-24,Customer_3662,West,Beauty,Mobile,11.0,63057.85,693636.35,Consumer,Cash,Marketplace
ORD101606,2025-12-11,Customer_5585,East,Beauty,Shirt,12.0,64494.66,773935.92,Corporate,Cash,Store
ORD101826,2025-06-19,Customer_5313,West,Grocery,Backpack,8.0,34525.95,276207.6,Corporate,UPI,Marketplace
ORD101037,2024-08-22,Customer_7815,Central,Clothing,Backpack,3.0,10723.74,32171.22,Corporate,UPI,Store
ORD101108,2025-09-15,Customer_2931,East,Furniture,Shirt,6.0,83831.4,502988.4,Small Business, Debit Card,Marketplace
ORD100495,2025-02-13,Customer_2845,North,Grocery,Laptop,3.0,17130.75,51392.25,Corporate,Net Banking,Online
ORD100394,2024-11-02,Customer_3262,West,Sports,Desk,14.0,52356.16,732986.24,Consumer,UPI,Marketplace
ORD101547,2025-03-13,Customer_2964,South,Furniture,Shoes,,78223.33,547563.31,Consumer,Net Banking,Online
ORD100465,2024-07-02,Customer_6262,East,Beauty,Shirt,6.0,77285.01,463710.06,Small Business,UPI,Marketplace
ORD100887,2024-11-19,Customer_2404,South,Clothing,Chair,2.0,73271.63,146543.26,Corporate,UPI,Store
ORD101194,,Customer_3758,West,Furniture,Monitor,9.0,95407.91,858671.19,Small Business,Net Banking,Online
ORD100367,2024-01-10,Customer_7824,East,Grocery,Shoes,2.0,54282.13,108564.26,Consumer,UPI,Store
ORD101894,2024-03-20,Customer_8955,North,Clothing,Desk,14.0,38205.96,534883.44,Small Business,UPI,Marketplace
ORD101874,2025-12-20,Customer_6343,North,Furniture,Keyboard,9.0,98192.38,883731.42,Consumer,Credit Card,Marketplace
ORD100745,2024-07-23,Customer_6126,South,Electronics,Backpack,11.0,,818048.44,Small Business ,Cash,Online
ORD100530,2024-03-12,Customer_2017,North,Clothing,Shirt,2.0,16260.24,32520.48,Consumer,UPI,Marketplace
ORD100803,2025-10-12,Customer_1280,South,,Backpack,,59976.96,719723.52,Small Business,Credit Card,Store
ORD101224,2024-04-10,Customer_8449,East,Sports,Laptop,1.0,74124.03,74124.03,Small Business,UPI,
ORD100431,2025-07-28,Customer_1689,Central,Beauty,Backpack,1.0,30275.84,30275.84,Consumer,,Store
ORD101150,2025-08-24,Customer_5785,East,Sports,Headphones,11.0,4072.62,44798.82,Corporate, Net Banking,Marketplace
ORD101700,2024-01-20,Customer_3235,Central,Clothing,Monitor,1.0,144.23,144.23,Small Business,Cash,Marketplace
ORD101545,2024-04-07,,Central,Clothing,Shirt,3.0,66719.98,200159.94,Corporate,Cash,Online
ORD101314,2025-11-06,Customer_2420,East,Sports,Keyboard,6.0,82698.82,496192.92,Small Business,Cash ,Store
ORD100307,2024-10-19,Customer_5681,EAST,Clothing,Headphones,4.0,73316.6,293266.4,Small Business,Debit Card,Marketplace
ORD101667,2025-11-14,Customer_9882,Central,Grocery,,11.0,1517.59,16693.49,Corporate,Debit Card,Marketplace
ORD100863,2024-08-14,Customer_6435,South,Beauty,Laptop,8.0,92270.04,738160.32,Consumer,Debit Card,Marketplace
ORD101567,2025-07-29,Customer_5093,South,Furniture,Monitor,4.0,26798.54,107194.16,Consumer,Credit Card,Online
ORD100531,2025-11-11,Customer_2936,West,Grocery,Shirt,12.0,78648.97,,Consumer,Debit Card,Marketplace
ORD100655,2024-11-23,Customer_1924,North,Electronics,Headphones,14.0,22773.77,318832.78,Consumer,UPI,Store 
ORD101260,2025-10-15,Customer_3604,,Furniture,Backpack,2.0,16646.27,33292.54,Consumer,Credit Card,Online
ORD100234,2025-10-08,Customer_1674,North,Grocery,Monitor,5.0,77622.42,388112.1,Corporate,Cash,Store
ORD100121,2025-07-28,Customer_3621,North,electronics,Backpack,9.0,59872.89,538856.01,Consumer,Debit Card,Online
ORD101698,2024-02-13,Customer_5944,South,Furniture,Desk,11.0,40336.16,443697.76,Corporate, UPI,Store
ORD100950,2025-09-12,,Central,,Mobile,8.0,9505.78,76046.24,Consumer,UPI,Marketplace
ORD100618,2024-02-21,Customer_7439,South,Furniture,Mobile,4.0,19050.52,76202.08,Small Business,Cash,Marketplace
ORD101179,2025-10-29,Customer_8193,East,Electronics,Keyboard,8.0,57520.48,460163.84,Small Business,Credit Card,Marketplace
ORD100308,2025-03-09,Customer_9793,Central,Clothing,Desk,,16321.95,114253.65,,Debit Card,Online
ORD100136,2024-06-05,Customer_7095,South,Grocery,Backpack,11.0,97472.52,1072197.72,Corporate,,Marketplace
ORD100555,2025-08-05,Customer_9609,East,Clothing,Mobile,14.0,60676.46,849470.44,Small Business,Credit Card,Online
ORD101674,2024-01-08,Customer_4811,West,Electronics,Monitor,7.0,96708.56,676959.92,Corporate,Net Banking,Store
ORD100584,2024-04-05,Customer_8575,East,Beauty,Mobile,5.0,75449.93,,Consumer,Debit Card,Online
ORD101641,2024-06-10,Customer_5602,North,Sports,Keyboard,2.0,76109.35,152218.7,Consumer,UPI,Online
ORD100671,2025-04-22,Customer_3869,South,Furniture,Keyboard,13.0,46248.5,601230.5,corporate,upi, Store
ORD100835,2025-05-14,Customer_2354,Central,,Backpack,3.0,56598.44,169795.32,Consumer,Credit Card,
ORD100110,2024-11-18,Customer_6759,South,Electronics,Backpack,8.0,15450.44,123603.52,Small Business,Credit Card,Online
ORD101165,2024-07-12,Customer_9880,Central,Beauty,Keyboard,14.0,83348.38,1166877.32,Corporate,UPI,Online
ORD101393,2025-05-19,Customer_8428,South,Sports,Chair,12.0,33407.39,400888.68,Corporate, Debit Card,Store
ORD101465,2025-11-07,Customer_6090,North ,Clothing,MONITOR,6.0,40204.42,241226.52,Corporate,UPI,Online
ORD101729,2024-03-21,Customer_2453,West,Grocery ,Headphones,2.0,67987.04,135974.08,Small Business,Net Banking,Online
ORD101243,2025-02-25,Customer_3139,Central,Beauty,Keyboard,11.0,7853.7,86390.7,Small Business,Credit Card,Store
ORD100212,2024-11-15,Customer_3507,South,Beauty,Shirt,10.0,41649.15,416491.5,Small Business,Net Banking,Store
ORD101768,2025-10-01,Customer_3636,North,Beauty,,8.0,39243.21,313945.68,,Debit Card,Online
ORD101121,2024-04-30,Customer_4043,East,Beauty,MONITOR,10.0,86868.3,868683.0,Corporate,Cash,Online
ORD100680,2025-08-12,Customer_7688,Central,Clothing,Chair,3.0,6964.41,20893.23,Small Business,Debit Card,Marketplace
ORD101893,2024-06-07,Customer_7275,North,Electronics, Shirt,5.0,20619.6,103098.0,Corporate,Credit Card,Marketplace
ORD101839,2025-10-24,Customer_4727,West,Sports,Shoes,2.0,48301.79,96603.58,Corporate,UPI,Online
ORD100412,2025-06-01,,West,Beauty,Chair,13.0,91783.47,1193185.11,Consumer,UPI,Store
,2025-08-16,Customer_2380,West,Clothing,Backpack ,14.0,15137.1,211919.4,small business,Net Banking,Online
ORD100783,2025-12-01,Customer_2113,West,Beauty,Shirt,12.0,64372.18,772466.16,Consumer,Cash,Store
ORD101346,2025-04-24,Customer_6916,North,Beauty,Shoes,1.0,54977.32,54977.32,Small Business,UPI,Store
ORD100875,2025-03-11,Customer_7499,West,Beauty,Backpack,9.0,,760450.14,Small Business,Cash,Marketplace
ORD101653,2025-02-28,Customer_1916,North,Beauty,Shoes,1.0,39246.64,39246.64,Corporate,Credit Card,Online
ORD101279,2024-09-13,Customer_3174,East,Electronics,Keyboard,5.0,16819.24,84096.2,Small Business,Credit Card,Store
ORD100786,2025-08-02,Customer_4583,WEST,Electronics,Laptop,12.0,13868.51,,Small Business,Debit Card,Store
ORD101819,2024-06-25,Customer_4029,North,Furniture,Laptop,12.0,15986.6,191839.2,Small Business,Net Banking,Online
ORD101199,,Customer_9428,West,sports,Headphones,,82975.8,248927.4,Consumer,UPI,Store
ORD100808,2024-06-29,Customer_2578,Central,Clothing,Laptop,1.0,14985.07,14985.07,Small Business,Cash,Marketplace
ORD100713,2024-01-28,Customer_4082,EAST,Grocery,Mobile,12.0,,329421.0,Small Business,,Online
ORD100101,2024-02-27,Customer_2680,South,Clothing,Keyboard,7.0,20115.88,140811.16,Small Business,Debit Card,Store
ORD101660,2024-04-23,Customer_6210,West,Clothing,Desk,5.0,52301.72,261508.6,Consumer,Net Banking,Online
ORD101191,2025-04-12,Customer_9720,North,Beauty,Headphones,6.0,67493.32,404959.92,Consumer,Credit Card,Store
ORD101226,2025-12-21,Customer_6362,West,Sports,Headphones,2.0,82918.87,165837.74,,UPI,Store
ORD100603,2025-01-28,Customer_3948,West,Sports,Shirt,10.0,79230.15,792301.5,consumer,Credit Card,Marketplace
ORD100271,2024-12-13,Customer_8642,East,Grocery,Shirt,14.0,60593.26,848305.64,Small Business,Cash,Store
ORD101385,2024-11-05,Customer_6081,Central,Electronics,Keyboard,,76283.38,762833.8,Consumer,Credit Card,Store
ORD100232,2024-03-13,Customer_3804,West,Electronics,Desk,9.0,83616.21,752545.89,Consumer,Net Banking,Online
ORD100050,2025-04-15,Customer_6772,Central,,Backpack,9.0,39275.91,353483.19,Small Business ,Cash,Store
ORD100463,2025-02-26,Customer_4267,East,Clothing,Laptop,9.0,33788.99,304100.91,Consumer,Credit Card,Online
ORD101106,2024-01-30,Customer_3194,North,Beauty,Shirt,2.0,62655.0,125310.0,,Net Banking,Marketplace
ORD100856,2025-10-23,Customer_7525,South,Grocery,Headphones,12.0,90948.08,1091376.96,Small Business,Net Banking,Marketplace
ORD100694,2024-10-06,Customer_7824,East,Electronics,Keyboard,9.0,47877.7,430899.3,Corporate,UPI,Online
ORD101552,2024-06-05,Customer_4522,East,Grocery,Backpack,9.0,91115.76,820041.84,Consumer,Debit Card,Store
ORD101873,2025-11-17,Customer_7510,South,Furniture, Chair,14.0,85082.96,1191161.44,Small Business,Cash,Marketplace
ORD100527,2024-07-20,Customer_5285,South,Beauty,Shirt,8.0,28042.38,224339.04,Corporate,Cash,Store
ORD100174,2024-07-22,Customer_3852, Central,Grocery, Shoes,10.0,94740.31,947403.1,Corporate,Credit Card,Online
ORD100721,2024-09-23,Customer_4113,East,Sports,Shirt,5.0,87938.94,439694.7,Consumer,Cash,Store
ORD100415,2024-02-22,Customer_5876,South,Grocery,Backpack,3.0,81593.29,244779.87,Corporate,UPI,Online
ORD100238,2024-02-02,Customer_5336,East,Clothing,Shirt,12.0,37347.58,448170.96,Small Business,Net Banking, Marketplace
ORD101473,2024-01-17,Customer_5979,West ,Clothing,Headphones,10.0,18985.05,189850.5,Consumer,Debit Card,
ORD101336,2025-01-09,Customer_1894,West,Sports,Keyboard,,85270.52,596893.64,Consumer,Debit Card,Online
ORD101064,2024-04-17,Customer_3858,,Beauty,Headphones,13.0,38012.34,494160.42,Consumer,Credit Card,Marketplace
ORD100024,2025-10-27,Customer_7825,Central,Furniture,Shirt,12.0,19003.23,228038.76,Consumer,Debit Card,Store
ORD101767,2025-10-12,Customer_7151,West,Grocery,Keyboard,14.0,93107.9,1303510.6,Small Business,UPI,online
ORD100064,2024-02-16,Customer_4268,East,Grocery,Monitor,10.0,99015.82,990158.2,Small Business,Cash,Online
ORD100290,2025-07-07,Customer_8648,Central, Furniture,Backpack,6.0,58508.6,351051.6,Small Business,Credit Card,Online
ORD100189,2024-02-29,Customer_2077,West,Electronics,Mobile,13.0,65064.39,845837.07,Consumer,Credit Card,Online
ORD100702,2025-02-18,Customer_2295,Central,Sports,Shirt,,52124.74,469122.66,Corporate,Credit Card,Online
ORD101815,2024-12-17,Customer_5341,Central,Electronics,Keyboard,1.0,70878.12,70878.12,Small Business,Net Banking,Store
ORD101138,2025-09-05,Customer_7290,North,Sports,Chair,8.0,13256.17,106049.36,Corporate,UPI,Online
ORD100355,2025-11-16,Customer_5902,North,Clothing,Shirt,8.0,56387.55,451100.4,Small Business,Cash,Marketplace
ORD100417,2025-10-11,,North,SPORTS,,1.0,52697.27,52697.27,Small Business,UPI,Store
ORD101246,2024-07-03,Customer_1793,South,Beauty,Shirt,7.0,,413486.71,Consumer,Debit Card,Marketplace
ORD100931,2025-05-04,Customer_3274,South,Electronics,Headphones,5.0,35661.74,178308.7,Small Business,Debit Card,Store
ORD100197,2024-05-08,Customer_3053,East,Electronics,Keyboard,2.0,4461.8,8923.6,Consumer,Net Banking,Marketplace
ORD100580,2025-11-10,Customer_9409,West,Furniture,Keyboard,14.0,56487.66,790827.24,Consumer,Cash,Marketplace
ORD101135,2024-05-28,Customer_8939,East,Electronics,Headphones ,4.0,78901.35,315605.4,Small Business,UPI,Marketplace
ORD101814,2024-04-15,Customer_9013,Central,Clothing,Headphones,7.0,78095.11,546665.77,Consumer,Credit Card,Store
ORD100993,2024-03-13,Customer_4965,Central,Grocery,Keyboard,9.0,12331.15,110980.35,Small Business,Credit Card,Marketplace
ORD100434,2024-03-18,Customer_6674,Central,Sports,,3.0,67175.32,201525.96,Corporate,Net Banking,store
,2024-02-27,Customer_2680,South,Clothing,Keyboard,7.0,20115.88,140811.16,Small Business,,
ORD101655,2024-08-08,Customer_7363,Central,Electronics,Headphones,9.0,10978.44,98805.96,Corporate,UPI,Online
ORD100395,2025-11-10,Customer_9498,North,Electronics,Keyboard,14.0,67042.59,938596.26,Consumer,Net Banking,Store
ORD101421,2024-08-29,Customer_8457,South,Sports,Laptop,10.0,57746.36,577463.6,Small Business,Net Banking,Store
ORD100221,2024-09-10,Customer_2292,Central,Sports,Backpack,11.0,3036.51,33401.61,Corporate,Debit Card,Marketplace
ORD101676,2024-11-04,Customer_1326,South,Clothing,Mobile,13.0,85436.77,1110678.01,Small Business,Cash,Store
ORD101498,2024-02-01,Customer_9061,Central,Electronics,Monitor,3.0,93024.08,279072.24,Corporate,Cash,Marketplace
ORD101785,2024-11-13,Customer_9849,CENTRAL,Furniture,Desk,13.0,41652.8,541486.4,Small Business,UPI,Marketplace
ORD100345,2025-09-26,Customer_8761,North,Beauty,Keyboard,3.0,90147.43,270442.29,Small Business,UPI,Store
ORD101028,2024-03-23,Customer_7408,,Sports,Desk,11.0,,675579.96,Consumer,Cash,Online
ORD100889,2025-07-02,Customer_5037,Central,Clothing,,5.0,12886.02,64430.1,Corporate,Net Banking,Marketplace
ORD101351,,Customer_6986,North,Sports,Chair,13.0,96963.81,1260529.53,Small Business,Net Banking,Online
ORD100553,2024-06-27,Customer_5054,Central,Beauty,Monitor,1.0,47987.51,47987.51,Consumer,Debit Card,Store
ORD100744,2024-09-10,Customer_7073,East,Sports,Backpack,13.0,75842.68,985954.84,Corporate,UPI,Marketplace
ORD101542,2025-04-09,Customer_4401,North,Sports,Chair,1.0,57959.61,57959.61,Consumer,UPI,Online
ORD100539,2024-11-12,Customer_5833,Central,Grocery,Monitor,10.0,67462.95,674629.5,Small Business,Net Banking,Store
ORD100907,2024-01-15,Customer_3170,West,Beauty,Chair,5.0,41857.19,209285.95,Small Business,Net Banking,Online
ORD101395,2024-04-09,Customer_6067,North,Sports,Chair,12.0,52904.95,634859.4,Small Business,Credit Card,Store
ORD100116,2025-04-14,Customer_1939,West,Furniture,Backpack,13.0,,1185501.46,Consumer,Credit Card,Store
ORD100830,2024-12-10,Customer_7179,North,Clothing,Desk,11.0,99113.53,1090248.83,Consumer,UPI,Marketplace
ORD100832,2025-05-21,Customer_1919,East,Furniture,Desk,5.0,74024.64,370123.2,Small Business,Cash,Marketplace
ORD100809,2025-06-18,Customer_9591,,Clothing,Headphones,3.0,69572.02,208716.06,Small Business,UPI,Online
ORD101311,2025-09-27,Customer_7745,South,Furniture,Headphones,3.0,24766.05,74298.15,Corporate,UPI,Store
ORD101005,2025-10-25,Customer_9907,Central,Grocery,Laptop,4.0,37964.81,151859.24,Corporate,Credit Card,Store
ORD100306,2025-04-10,Customer_8710,South,Electronics,Desk,3.0,93988.0,281964.0,Corporate,Cash,Marketplace
ORD101101,2024-10-21,Customer_6766,South,Sports,Laptop,7.0,87736.22,614153.54,Consumer,Net Banking,Store
ORD100480,2024-12-24,Customer_1613,North,Beauty,Headphones,4.0,68045.18,272180.72,Consumer,UPI,Online
ORD101424,2025-12-03,Customer_1908,South,Beauty,Shirt,6.0,10184.03,,Corporate,Net Banking,Marketplace
ORD101076,2024-03-31,Customer_4232,,Electronics,Chair,10.0,70798.06,707980.6,Consumer,Debit Card,Store
ORD100571,2025-11-22,Customer_2904,South, Beauty,Chair,3.0,93651.27,,Small Business,UPI,Online
ORD100619,2025-07-24,Customer_9664,West,Grocery,Keyboard,8.0,61932.92,495463.36,Corporate,Net Banking,Store
ORD101898,2025-07-06,Customer_5512,West,Beauty,Mobile,8.0,,93659.84,Consumer,UPI,Marketplace
ORD101266,2025-04-21,Customer_7092,South,Electronics,Backpack,6.0,51772.21,310633.26,Corporate,Debit Card,Store
ORD100079,2024-08-02,Customer_5476,West,Furniture,Monitor,4.0,10309.14,41236.56,Consumer,Debit Card,Marketplace
ORD101011,2024-06-18,Customer_5067,Central,beauty,Headphones,12.0,,,,UPI,Marketplace
ORD100033,2024-06-12,Customer_9316,East,Grocery,Chair,6.0,211.9,1271.4,Small Business,Cash,Store
ORD101538,2025-04-07,Customer_7660,North,Sports,Shoes,2.0,97461.72,194923.44,Small Business,Net Banking,Online
ORD101034,2024-09-13,Customer_8909,North,Electronics,Shoes,8.0,25472.09,203776.72,Small Business,Net Banking,
ORD101563,2025-07-23,Customer_3848,Central,Beauty,Desk,8.0,4261.52,34092.16,Small Business,Credit Card,Marketplace
ORD100352,2024-11-19,Customer_6218,North,Sports,Shirt,4.0,32905.28,131621.12,Small Business,,Marketplace
ORD100164,2024-09-26,Customer_3828,South,Grocery,Monitor,3.0,4214.23,12642.69,Consumer,Credit Card,Online
ORD100204,2025-06-24,,Central,Electronics,Keyboard,12.0,8244.5,98934.0,,Credit Card,Marketplace
ORD101054,2025-03-22,Customer_2100,South,Furniture,Mobile,1.0,90370.42,90370.42,Small Business,Debit Card,Store
ORD101365,2024-09-25,Customer_5693,East,Sports,Backpack,3.0,72599.07,217797.21,Small Business,UPI,Marketplace
ORD101832,2025-01-31,Customer_2009,East,Sports,Headphones,8.0,15816.9,126535.2,Consumer,UPI,Store
ORD100496,2025-11-26,Customer_6417,Central,Sports,Laptop,9.0,41006.84,369061.56,Small Business,Credit Card,Store
ORD101625,2024-04-03,Customer_1319,West,Grocery,Laptop,9.0,53927.42,485346.78,Consumer,UPI,Marketplace
ORD101601,2025-10-20,Customer_3831,Central,Furniture,Shoes,6.0,58262.66,349575.96,Corporate,credit card,Online
ORD101679,2024-09-18,Customer_1011,West,grocery,Headphones,5.0,23280.78,116403.9,Small Business,Cash,Online
ORD100611,2024-04-19,Customer_2314,North,Furniture,Backpack,4.0,96385.85,385543.4,Small Business,,Marketplace
ORD100433,2024-04-24,Customer_2294,East,Electronics,Chair,5.0,85132.31,425661.55,Consumer,UPI,Online
,2024-02-14,Customer_6038,West,Grocery,Backpack,13.0,37793.63,491317.19,Consumer,Cash,Online
ORD100219,2025-04-07,Customer_9501,South,Grocery,Keyboard,,51448.19,51448.19,Corporate,net banking,Marketplace
ORD100055,2025-07-19,Customer_8840,South,Electronics,Backpack,5.0,77108.33,385541.65,Consumer,Credit Card,Marketplace
,2024-01-27,Customer_6362,West,Sports,Mobile,5.0,15946.55,79732.75,Consumer,Credit Card,Marketplace
ORD100631,2025-09-19,Customer_5055,North,Sports,Chair,3.0,,45026.55,Small Business,,Marketplace
ORD101382,2025-10-12,Customer_6353,East,Clothing,Keyboard,14.0,97156.15,1360186.1,Small Business,Debit Card,Store
ORD101302,2025-09-12,Customer_3340,South,Furniture,Backpack,9.0,60727.05,546543.45,Corporate,Cash,Marketplace
ORD100060,2025-08-14,Customer_1605,North,ELECTRONICS,Monitor,9.0,47410.03,426690.27,,Credit Card,Marketplace
ORD100299,2025-02-14,Customer_4944,North,Furniture,Desk,4.0,25497.04,101988.16,Corporate,Credit Card,Online
ORD101711,2024-10-23,Customer_5825,Central,Clothing,Keyboard,5.0,5864.52,29322.6,Corporate,Credit Card,Store
ORD100074,2025-10-12,Customer_4131,North,Grocery,Mobile,13.0,25325.62,329233.06,Small Business,Credit Card, Store
ORD100163,2024-01-04,Customer_8406,South,Grocery,Mobile,14.0,82161.93,1150267.02,Consumer,Credit Card, Online
ORD101275,2024-11-02,Customer_1017,East,Beauty,Chair,14.0,84188.16,1178634.24,Corporate,UPI,Online
ORD101594,2025-08-10,Customer_3752,Central,Furniture,Desk,3.0,89955.58,269866.74,Consumer,Cash,Online
ORD101434,2025-04-10,Customer_1042,East,Electronics,Backpack,5.0,21190.14,105950.7,Small Business,Debit Card,Marketplace
ORD101613,2024-12-13,Customer_7750,,Grocery,Desk,1.0,84734.72,84734.72,Consumer,Credit Card,Store
ORD100592,2024-02-17,Customer_1742,West,Clothing,Headphones,14.0,17858.86,250024.04,Corporate,Net Banking,Store
ORD100317,2024-02-29,Customer_1741,South,Grocery,Backpack,11.0,37492.25,412414.75,Corporate,UPI,
ORD100046,2024-12-18,Customer_2698,East,Grocery,Monitor,3.0,28405.96,85217.88,Corporate,Net Banking,Marketplace
ORD101720,2025-01-05,Customer_2705,EAST,Furniture,Backpack,11.0,90233.42,992567.62,Corporate,Cash,Store
ORD101832,2025-01-31,Customer_2009,East,Sports,Headphones,8.0,15816.9,126535.2,Consumer,UPI,Store
ORD100428,2025-07-18,Customer_6654,South,Electronics,Headphones,5.0,77017.48,385087.4,Small Business,Debit Card,Marketplace
ORD100582,2025-09-26,Customer_8484,North,Beauty,Chair,14.0,21254.36,297561.04,Consumer,Net Banking,Marketplace
ORD100077,2025-01-14,Customer_1783,Central,Clothing,Shoes,,46907.09,656699.26,Consumer,UPI,Marketplace
ORD100970,2024-09-27,Customer_6228,South,Grocery,Shoes,11.0,52067.03,572737.33,Corporate,Debit Card,Online
ORD101415,2024-02-03,Customer_5456,South,Electronics,Mobile,11.0,28105.41,309159.51,Small Business,Debit Card,Online
ORD100781,2025-12-14,,Central,Beauty,Desk,,12558.93,50235.72,Consumer,Credit Card,Marketplace
ORD101310,2024-07-13,Customer_3480,North,Clothing,Shirt,8.0,16916.86,135334.88,Corporate,Credit Card,Store
ORD101174,2025-04-29,Customer_1528,Central,Electronics,Desk,3.0,81686.55,245059.65,Corporate,Debit Card,Marketplace
ORD101320,2025-10-23,Customer_8035,East,Grocery,Desk,10.0,83085.78,830857.8,Corporate,Debit Card,Store
ORD100938,2025-10-06,Customer_3739,South,,Chair,5.0,75866.66,379333.3,Corporate,Net Banking,Marketplace
ORD100031,2024-10-11,Customer_9914,North,Grocery,Keyboard,12.0,22939.65,275275.8,Consumer,Cash,Marketplace
ORD101092,2025-09-29,Customer_2867,East,Electronics,Shoes,2.0,4707.74,9415.48,Consumer,Net Banking,Store
ORD101616,2024-07-04,Customer_2437,South,Beauty,Chair,8.0,98167.17,785337.36,Corporate,Cash,Online
ORD101230,2025-12-11,Customer_6869,East,,Headphones,7.0,53296.02,373072.14,Corporate,Debit Card,Store
ORD100975,2024-06-26,Customer_7161,West,Furniture,Chair,5.0,36373.76,181868.8,Small Business,Credit Card,Store
ORD101085,2025-07-09,Customer_2667,North,Clothing,Mobile,6.0,53314.32,319885.92,Corporate,Debit Card,Online
ORD100515,2025-01-29,Customer_8822,West,Beauty,Chair,12.0,60887.79,730653.48,Small Business,Credit Card,Store
ORD101551,2025-01-18,Customer_1660,Central,Furniture,Keyboard,6.0,24264.7,145588.2,Consumer,Debit Card,Store
ORD101568,2024-12-03,Customer_2551,Central,Beauty,Monitor,5.0,22058.55,110292.75,Consumer,Debit Card,Store
ORD101811,2024-06-03,Customer_6052,West,Beauty,Desk,2.0,63252.73,126505.46,Consumer,Debit Card,Marketplace
ORD101574,2025-03-09,Customer_2010,East,Electronics,Backpack,7.0,36836.59,257856.13,Corporate,Debit Card,Marketplace
ORD100045,2025-01-02,Customer_4950,West,Clothing,,14.0,12932.03,181048.42,Corporate,Credit Card,Online
ORD101687,2024-05-12,Customer_1359,East,Grocery,Shoes,11.0,78463.64,863100.04,Corporate,Credit Card,Online
ORD100169,2025-10-02,Customer_2063,North,Grocery,Keyboard,14.0,59518.19,833254.66,Small Business,Cash,Marketplace
ORD100304,2025-02-03,Customer_5609,Central,Clothing,Backpack,10.0,13358.19,133581.9,Corporate,Cash,Online
ORD100991,2025-12-20,Customer_3280,South,Beauty,Headphones,2.0,98842.76,197685.52,Corporate,Net Banking,Store
ORD100556,,Customer_8319,North,Sports,Monitor,6.0,,84035.28,Small Business,Cash,Store
ORD100611,2024-04-19,Customer_2314,North,Furniture,Backpack,4.0,96385.85,385543.4,Small Business,Credit Card,Marketplace
ORD100608,2025-11-02,Customer_8348,East,Beauty,Backpack,8.0,48215.32,385722.56,Small Business,UPI,Marketplace
ORD101619,2025-11-04,Customer_3248,North,Beauty,Chair,7.0,16471.71,,Corporate,Net Banking,Marketplace
ORD100758,2024-09-19,Customer_7223,Central,Sports,Desk,13.0,27862.42,362211.46,Corporate,Cash,Online
ORD100439,2025-01-13,Customer_4310,,,Laptop,5.0,15383.08,76915.4,Corporate,UPI,
ORD100583,2024-12-09,Customer_1945,North,Electronics, Headphones,4.0,,194046.8,Consumer,Net Banking,Store
ORD101519,2025-07-15,Customer_5778,East,Grocery,Backpack,6.0,63478.97,380873.82,Small Business,,Marketplace
ORD100528,2025-01-07,Customer_6890,South,Beauty,Shoes,4.0,94244.46,376977.84,Small Business,Credit Card,Store
ORD100343,2025-08-31,Customer_3245, Central,Clothing,Shoes,3.0,92574.92,277724.76,Corporate,Credit Card,Marketplace
ORD101737,2025-06-06,Customer_6742,South,Clothing,Chair,13.0,14467.05,188071.65,Consumer,Debit Card,Marketplace
ORD100368,2025-04-14,Customer_6040,East,Furniture,,14.0,95152.71,1332137.94,Corporate,Debit Card,Marketplace
ORD100186,2025-01-06,Customer_8657,North,Beauty,Headphones,7.0,43916.86,307418.02,Small Business,Credit Card,Marketplace
ORD101117,2024-04-05,Customer_7852,West,Sports,Shirt,9.0,,439997.67,Small Business,Debit Card,Online
ORD101755,2025-11-02,,Central,Grocery,Laptop,5.0,46054.24,230271.2,Consumer,Cash,
ORD101426,2025-07-11,Customer_3734,,Sports,Keyboard,9.0,68206.69,613860.21,Corporate,Credit Card,Online
ORD100301,2024-06-17,,EAST,Beauty,Mobile,11.0,34331.08,377641.88,Small Business,Credit Card,Online
ORD100500,2024-04-28,Customer_4050,West,Furniture,Headphones,6.0,30155.23,180931.38,Corporate,Credit Card,Store
ORD100833,2024-11-28,Customer_1154,East,Sports,Backpack,4.0,95036.24,380144.96,Corporate,Cash,Store
ORD100544,2025-12-14,Customer_8834,South,Sports,Desk,5.0,81891.63,409458.15,Corporate,Cash,Store
ORD101601,2025-10-20,Customer_3831,Central,Furniture,Shoes,6.0,58262.66,349575.96,Corporate,credit card,Online
ORD100351,2025-06-19,Customer_6373,,Furniture,Shirt,8.0,64942.56,519540.48,Corporate,Net Banking,Store
ORD101563,2025-07-23,Customer_3848,Central,Beauty,Desk,8.0,4261.52,34092.16,Small Business,Credit Card,Marketplace
ORD101511,2025-09-14,Customer_9280,East,Clothing,Desk,3.0,63470.54,190411.62,Corporate,Debit Card,Store
ORD100979,2024-01-03,Customer_2865,North,Furniture,Keyboard,3.0,59851.45,179554.35,Corporate,UPI,Online
ORD100176,2025-01-17,Customer_9335,North ,Grocery,Desk,13.0,78363.93,1018731.09,Corporate,Net Banking,Store
ORD100483,2024-08-16,Customer_2758,East,Grocery,Shirt ,1.0,19113.45,19113.45,Corporate,Credit Card,Online
ORD101413,2025-02-21,Customer_6488,Central,Clothing,Headphones,9.0,39970.11,359730.99,Consumer,Net Banking,Store
ORD101611,2025-12-20,Customer_5835,North,Beauty,Laptop,12.0,62011.48,744137.76,Consumer, Net Banking,Store
ORD100124,2025-08-21,Customer_8179,South,beauty,Headphones,8.0,55885.43,447083.44,Consumer,Debit Card,Store
ORD100600,2025-08-12,Customer_1519,East,Sports,Monitor,4.0,65606.79,262427.16,Consumer,Cash,Store
ORD101795,2025-09-21,Customer_1893,West,Sports,Headphones,7.0,40634.54,284441.78,Small Business,Cash,Marketplace
ORD101746,2024-05-31,Customer_7783,East,Grocery,Keyboard,5.0,20525.64,102628.2,Consumer,UPI,Store
ORD101379,2024-08-14,Customer_4329,West,Furniture,Mobile,8.0,31258.72,250069.76,Small Business,Net Banking,Online
ORD101186,2024-12-05,Customer_3281,East,,Monitor,6.0,39048.25,234289.5,Corporate,Net Banking,Online
ORD100486,2024-07-16,Customer_8444,East,Grocery,Keyboard,14.0,36358.13,509013.82,Corporate,Cash,Online
ORD100332,2024-07-09,Customer_7114,East,Grocery,Shoes,1.0,16012.82,16012.82,Corporate,Net Banking,
ORD100789,2025-06-29,Customer_7114,East,Sports,Mobile,11.0,17919.42,197113.62,Corporate,Net Banking,Store
ORD100195,2024-03-11,Customer_7708,, Electronics,Mobile,6.0,87196.09,523176.54,Consumer,UPI,Store
ORD100638,2025-04-05,Customer_1527,South,Sports,Monitor,13.0,85970.57,1117617.41,Small Business,Cash,Online
ORD100472,2025-12-19,Customer_3868,East,Sports,Monitor,2.0,61753.86,123507.72,Corporate,UPI,Store
ORD101714,2024-01-22,Customer_1029,North,Sports,,10.0,62241.75,622417.5,Consumer,Debit Card,Store
ORD100323,2024-02-21,Customer_2204,Central,Furniture,Shoes,14.0,11399.67,159595.38,Small Business,Debit Card,Marketplace
ORD101197,2024-03-17,Customer_5740,Central,Beauty,Headphones,8.0,310.17,2481.36,Corporate,Cash,Online
ORD100267,2025-10-23,Customer_9437,North,,Shirt,5.0,94863.48,474317.4,Corporate,UPI,Online
ORD101544,2025-03-01,Customer_6051,South,Grocery,Monitor,7.0,4396.39,30774.73,Consumer,credit card,Store
ORD101804,2025-08-08,Customer_1421,West,Furniture,Backpack,7.0,26975.06,188825.42,Small Business,UPI,Store
ORD100068,2024-03-22,Customer_9444,East,Grocery,Shoes,2.0,59480.15,118960.3,Consumer,Cash,Store
ORD101738,2025-10-10,Customer_5205,East,Clothing,Monitor,11.0,43067.28,473740.08,Small Business,,Online
ORD101593,2024-10-12,Customer_1829,East,Sports,Headphones,2.0,15317.55,30635.1,Consumer,UPI,Online
ORD101564,2024-03-02,Customer_1509,East,Sports,Mobile,14.0,39824.99,557549.86,Corporate,Cash,Marketplace
ORD100481,2024-11-08,Customer_1151,North,Electronics,Headphones,13.0,23159.84,301077.92,Consumer,UPI,Store
ORD101757,2024-06-30,Customer_2207,North,Sports,Desk,11.0,82692.0,909612.0,Consumer,UPI, Store
ORD100433,2024-04-24,Customer_2294,East,Electronics,Chair,5.0,85132.31,425661.55,Consumer,UPI,Online
ORD101441,2024-01-22,Customer_7274,North,Clothing,chair,9.0,58367.42,525306.78,Consumer,Net Banking,Online
ORD101461,2025-07-07,,North,Beauty,Desk,8.0,56372.56,450980.48,Consumer,UPI,Store
ORD100888,2024-05-02,Customer_5839,South,Clothing,Keyboard,3.0,54877.23,164631.69,Corporate,Debit Card,Online
ORD100423,2024-05-13,Customer_5715,West,Sports,Monitor,5.0,79395.01,396975.05,Consumer,Net Banking,Store
ORD101675,2024-07-28,Customer_4584,North,Clothing,Backpack,10.0,39340.1,393401.0,Corporate,,Online
ORD101450,2024-07-31,Customer_6241,North,Furniture,Backpack,2.0,72007.17,144014.34,Small Business,Cash,Online
ORD100765,2024-11-14,Customer_8550,Central,Electronics,Mobile,2.0,61536.33,123072.66,Consumer,Net Banking,Online
ORD100520,2025-12-26,Customer_7284,Central,Furniture,Chair,4.0,22812.99,91251.96,Corporate,UPI,Marketplace
ORD101432,2024-07-13,Customer_4742,East,Clothing,Shoes,5.0,71039.99,355199.95,Consumer,Credit Card,Store
ORD100614,2024-06-29,Customer_6697,Central,Beauty,Laptop,2.0,41916.2,83832.4,,Debit Card, Store
ORD101531,2025-12-19,Customer_2785,Central,Grocery,Laptop,14.0,79644.44,1115022.16,Consumer,Net Banking,Online
ORD101783,2025-06-03,Customer_4112,Central,Furniture,Desk,10.0,73199.3,731993.0,Small Business,Credit Card,Online
ORD101659,2025-03-16,Customer_4875,Central,Grocery,Backpack,7.0,95306.7,667146.9,Consumer,Net Banking,Store
ORD100454,2024-04-15,Customer_6411,,Sports,Desk,7.0,59744.99,418214.93,,UPI,Online
ORD100731,2024-09-15,Customer_8639,West, Beauty,Keyboard,7.0,32073.98,224517.86,Corporate,UPI,Marketplace
ORD100535,2025-11-10,Customer_7642,Central,Grocery,Shoes,1.0,50165.18,50165.18,Small Business,Credit Card,Online
,2024-04-11,Customer_8848, West,,Headphones,12.0,31303.68,375644.16,Consumer,Debit Card,Online
ORD101285,2024-04-19,Customer_6629,Central,Grocery,shirt,4.0,10020.29,40081.16,Corporate,Credit Card,Marketplace
ORD101740,2025-06-27,Customer_1020,North,Beauty,Shirt,10.0,84600.37,846003.7,Corporate,Cash,Online
ORD100262,2025-02-24,Customer_6231,East,Clothing,Headphones,2.0,44932.88,89865.76,Consumer,Cash,Store
ORD100536,2024-05-07,Customer_9233,East ,Electronics,Headphones,8.0,,318225.28,Consumer,Net Banking,Online
ORD100969,2024-08-04,Customer_7524,West,Grocery,Shoes,14.0,89706.1,1255885.4,Corporate,Net Banking,Online
ORD100241,2025-06-10,Customer_1496,East,Grocery,Shoes,6.0,7006.37,42038.22,Small Business,Cash,Store
ORD100820,2024-09-08,Customer_7652,North,Grocery,Shoes,5.0,6347.97,31739.85,Consumer,UPI,Store
ORD100693,2024-08-12,Customer_7761,South,Furniture,Mobile,7.0,95986.67,671906.69, Small Business,Debit Card,Online
ORD100421,2024-01-04,Customer_6714,West,Electronics,Desk,13.0,51566.0,670358.0,Small Business,UPI,Online
ORD101086,2025-04-18,Customer_9796,Central,Grocery,Desk,14.0,63545.4,889635.6,Corporate,Debit Card,Store
ORD100771,2025-11-24,Customer_9000,Central,Beauty,Laptop,8.0,84012.4,672099.2,small business,Net Banking,Online
ORD100366,2024-03-15,Customer_2795,West,Sports,Headphones,13.0,50094.49,651228.37,Consumer,Net Banking,Store
ORD101023,2024-10-05,Customer_9366,North,Grocery,Shirt,11.0,71935.84,791294.24,Consumer,UPI,Store
ORD101241,2024-09-07,Customer_6533,East,Furniture,Monitor,1.0,85198.94,85198.94,Small Business,Credit Card,Marketplace
ORD100589,2024-07-22,Customer_1049,South,Sports,Laptop,7.0,7555.52,52888.64,Small Business,Cash,marketplace
ORD100737,2024-12-24,Customer_9401,Central,Electronics,Chair,10.0,68561.27,685612.7,Corporate,UPI,Store
ORD101762,2025-08-16,Customer_5278,West,Sports,Shirt,10.0,82496.31,824963.1,Corporate,Debit Card,Marketplace
ORD100942,2024-06-01,,North,Sports,Monitor,1.0,65996.97,65996.97,Consumer,Credit Card,Marketplace
ORD100072,2024-10-11,Customer_5150,North,Furniture,Laptop,7.0,37246.17,260723.19,Small Business,Debit Card,Store
ORD101408,2025-02-28,Customer_7092,West,Electronics,Laptop,6.0,82210.47,493262.82,Consumer,Cash,Marketplace
ORD100260,,Customer_3353,West,Grocery,Monitor,11.0,44258.23,486840.53,Consumer,Credit Card,Marketplace
ORD100052,2024-05-07,Customer_6546,East,Sports,Chair,5.0,75394.51,376972.55,Small Business,Debit Card,Online
ORD100199,2025-11-06,Customer_2215,Central,Sports,Headphones,13.0,2184.03,28392.39, Small Business,UPI,Marketplace
ORD101789,2024-02-28,Customer_4891,East,Grocery,Monitor,1.0,81820.87,81820.87,Corporate,,
ORD100651,2024-10-19,Customer_8191,Central,Sports,Monitor,13.0,82530.71,1072899.23,Consumer,Debit Card,Online
ORD100333,2024-03-11,Customer_6555,North,Furniture,Shirt,2.0,60534.9,121069.8,Small Business,Net Banking,Marketplace
ORD101360,2024-05-06,Customer_4534,Central,Grocery,,12.0,56314.9,675778.8,Consumer,UPI,Online
ORD100594,2025-05-01,Customer_6644,West ,Electronics,Backpack,5.0,61843.36,309216.8,Corporate,Debit Card,Store
ORD101392,2024-11-07,Customer_2900,East,Grocery,Backpack,8.0,81997.8,655982.4,Small Business,Net Banking,Online
ORD101801,2025-07-21,Customer_8869,North ,Furniture,Laptop,8.0,41505.52,332044.16,Consumer,UPI,Online
ORD101315,2025-11-28,Customer_2646,East,Electronics,Shoes,6.0,70930.47,425582.82,Consumer,Credit Card,Marketplace
ORD101112,2024-11-14,Customer_3999,East,Furniture,Chair,7.0,78937.17,552560.19,Small Business,Net Banking,Store
ORD101007,2024-09-29,Customer_6890, West,Beauty,Backpack,8.0,33750.37,270002.96,Corporate,UPI,Online
ORD101327,2024-05-14,Customer_5668,South,Furniture,Laptop,11.0,20810.17,228911.87,Corporate,UPI,Online
ORD100427,2025-03-28,,South,Electronics,Laptop,9.0,90598.52,815386.68,Small Business,Net Banking,Marketplace
ORD101559,2025-03-18,Customer_9412,,Grocery,Headphones ,2.0,90615.98,181231.96,Consumer,Net Banking,
ORD101294,2024-01-23,Customer_2678,Central,Grocery,Shoes,,83564.48,668515.84,Consumer,UPI,Online
ORD100591,2024-01-26,Customer_2196,East,Grocery,Mobile,1.0,26612.2,26612.2,Small Business,UPI,Marketplace
ORD100148,2024-09-14,Customer_4048,Central,Grocery,Headphones,1.0,48287.4,48287.4,Corporate,DEBIT CARD,Store
ORD100933,2024-03-07,Customer_5933,central,Sports,Desk,5.0,79419.57,397097.85,Corporate,Credit Card,Marketplace
ORD101133,2025-04-12,Customer_6882,East,Electronics,Monitor,13.0,94816.02,1232608.26,Consumer,Net Banking,Online
ORD100986,2024-02-03,Customer_8183,South,Furniture,Shirt,2.0,96778.81,193557.62,Small Business,Debit Card,Marketplace
ORD100399,2024-04-28,Customer_9609,South,Furniture,Shoes,3.0,9053.67,27161.01,Consumer,Credit Card,Marketplace
ORD101512,2024-05-31,Customer_3187,South,Grocery,Mobile,2.0,99946.68,199893.36,Consumer,Cash,Store
ORD100437,2025-07-12,Customer_8849,Central,Furniture,Backpack,4.0,15055.43,60221.72,Corporate,Cash,Marketplace
ORD100193,2024-03-28,Customer_9612,East,Beauty,Shoes,11.0,47071.24,517783.64,Small Business,Cash,Online
ORD101436,2025-11-09,Customer_1201,South,Clothing,Desk,10.0,40190.47,401904.7,Corporate,Credit Card,Store
ORD100615,2025-12-13,Customer_2943,North,Electronics,Shirt,1.0,79054.74,79054.74,Consumer,Debit Card,Online
ORD101494,2025-06-17,Customer_4361,North,electronics,Desk,7.0,67546.49,472825.43,Corporate,Credit Card,Marketplace
ORD100577,2024-03-27,Customer_1911,South,Sports,desk,12.0,60295.06,723540.72,Consumer,Debit Card,Online
ORD100987,2024-08-25,Customer_5773,East,Sports,Mobile ,2.0,85701.71,171403.42,Consumer,Credit Card,Marketplace
ORD101433,2024-05-05,Customer_9336,Central,Electronics,Mobile,9.0,66718.76,,Consumer,Net Banking,Online
ORD100707,2025-06-30,Customer_4120,Central,,MOBILE,1.0,59893.3,59893.3,Small Business,Credit Card,store
ORD101259,2025-04-17,Customer_5945,East,Sports,Keyboard,9.0,51216.97,460952.73,Corporate,Credit Card,Online
ORD100142,2024-03-06,Customer_7521,South,Furniture,Chair,12.0,72456.1,869473.2,Consumer,UPI,Marketplace
ORD101358,2024-09-27,Customer_1225,South,Electronics,Laptop,13.0,49192.68,,Small Business,Debit Card,Online
ORD100003,2024-01-26,,Central,Grocery,Mobile,13.0,89458.55,1162961.15,Consumer,UPI,Marketplace
ORD101222,2024-04-02,Customer_5558,Central,Sports,Chair,11.0,17267.66,,Corporate,Net Banking,Marketplace
ORD101870,,Customer_2097,Central,Beauty,Headphones,12.0,7182.07,86184.84,Corporate,Credit Card, Online
ORD101623,2025-10-10,Customer_5082,North,Electronics,Chair,1.0,,33800.28,Consumer,Net Banking,Online
ORD100340,2025-08-06,Customer_1659,North,Beauty,Keyboard,7.0,11000.05,77000.35,Corporate,UPI,Online
ORD101770,2025-10-04,Customer_9962,Central,Clothing,Shirt,8.0,53248.97,425991.76,Corporate,Credit Card,Online
ORD101537,2025-03-16,Customer_6145,West,Grocery,Keyboard,12.0,73735.95,884831.4,Consumer,Debit Card,Marketplace
ORD100484,2024-01-25,Customer_6489,South,Electronics,,8.0,5328.65,42629.2,Consumer,Net Banking,Online
ORD100266,2025-10-31,Customer_7070,south,Sports,Chair,,58829.65,411807.55,Corporate,Debit Card,Online
ORD100377,2024-05-15,Customer_7229,East,Grocery,Keyboard,4.0,39497.1,157988.4,Corporate,Net Banking,Store
ORD100742,2024-02-11,Customer_6246,South,Clothing,Monitor,3.0,34304.13,102912.39,Corporate,Debit Card,Store
ORD101014,2025-08-05,Customer_1725,East,Furniture,Laptop,5.0,65201.63,326008.15,Small Business,Net Banking,Online
ORD100440,2025-08-19,Customer_9824,West,Furniture ,Keyboard,7.0,23600.03,165200.21,Corporate,UPI,Marketplace
ORD100272,2024-04-21,Customer_3007,west,Sports,Keyboard,2.0,35737.53,71475.06,Corporate,UPI,Online
ORD100185,2024-04-24,Customer_7044,,Sports,backpack,7.0,16483.55,115384.85,Consumer,Cash,Online
ORD100940,2024-02-24,Customer_5521,Central,Electronics,Headphones,9.0,1892.77,17034.93,Corporate,Debit Card,Online
ORD100245,2025-05-12,Customer_5949,North,furniture,Shirt,1.0,59332.55,59332.55,Corporate,UPI,Online
ORD100932,2024-04-26,,Central,Electronics,Shoes,5.0,97808.38,489041.9,Small Business,Credit Card,Marketplace
ORD100446,2024-11-11,Customer_4972,West,Beauty,Desk,6.0,23101.59,138609.54,Corporate,Credit Card,Online
ORD100597,2025-04-11,Customer_1987,East,Clothing,Chair,10.0,23341.29,233412.9,Small Business,Credit Card,Store
ORD100818,2024-10-01,Customer_2294,East,Furniture,Monitor,,23662.17,23662.17,Small Business,Debit Card,Store
ORD101273,2024-12-19,Customer_2494,East,Grocery,Shoes,14.0,84729.24,1186209.36,Corporate,Net Banking,Online
ORD101677,2024-08-04,Customer_9625,South,Clothing,Chair,1.0,77331.6,77331.6,Corporate,Net Banking,Online
ORD100487,2025-02-12,Customer_9901,South,Grocery,Laptop,,99548.5,1194582.0,Consumer,Net Banking,Store
ORD100681,2025-01-24,Customer_3444,central,Beauty,Chair,4.0,42487.26,169949.04,Corporate,UPI,Store
ORD100416,2024-04-04,Customer_5735,West,,Desk,1.0,37413.62,37413.62,Consumer,Credit Card,Store
ORD100274,2024-07-15,Customer_8366,West,Beauty,Laptop,12.0,78200.85,938410.2,Corporate,UPI,Store
ORD101472,2024-11-27,Customer_5777,East,Clothing,Laptop,6.0,10364.55,62187.3,Corporate,Net Banking,Marketplace
ORD101830,2025-01-16,Customer_4706,SOUTH,Furniture,Headphones,12.0,21418.0,257016.0,,Net Banking ,Store
ORD101455,2024-05-31,Customer_9225,South,Beauty,Monitor,11.0,63745.37,701199.07,Corporate,Net Banking,Store
ORD100251,,Customer_2195,West,Beauty,Headphones,14.0,39964.69,559505.66,Small Business,Credit Card,Marketplace
ORD100414,2024-09-14,Customer_4684,Central,Grocery,Headphones,,8795.19,35180.76,Consumer,Credit Card,Online
ORD101386,2025-10-26,Customer_8167,South,Electronics,,13.0,,1208126.53,Corporate,Cash,Store
ORD101308,2024-08-12,Customer_6753,West,Clothing,Chair,5.0,47840.06,239200.3,Corporate,UPI,Store
ORD100716,2025-03-14,Customer_4422,North,Sports,Shoes,12.0,49655.18,595862.16,Small Business,Credit Card,Store
ORD100311,2025-11-08,Customer_8060,North,Clothing,Chair,1.0,15700.77,15700.77,Small Business,Debit Card,Online
ORD100927,2024-12-14,Customer_9537,west,Furniture,Chair,6.0,74953.44,449720.64,Corporate,UPI,Online
ORD100382,2024-10-18,Customer_4125,North,Grocery,Chair,8.0,82257.1,658056.8,Corporate,Debit Card,Online
ORD101566,2025-07-29,Customer_8408,West,Furniture,Desk,4.0,45546.4,182185.6,Consumer,Debit Card,Store
ORD100426,2024-06-14,Customer_7220,Central,Grocery,Chair,12.0,36141.17,433694.04,Consumer,UPI,Marketplace
ORD101875,,Customer_5525,West,Furniture,Headphones,7.0,62836.54,439855.78,Corporate ,,Store
ORD100533,2025-09-30,Customer_6026,West,Electronics,Shirt,14.0,56700.88,793812.32,Consumer,Cash, Online
ORD100753,2024-04-27,Customer_5836,West,Beauty,Desk,1.0,16168.73,16168.73,Small Business,Debit Card,Store
ORD100766,2024-04-20,Customer_3756,South,Grocery,Shirt,5.0,68819.62,344098.1,Consumer,Cash,Online
ORD101357,2024-01-15,Customer_2106,West,Grocery,Monitor,5.0,30314.5,151572.5,Small Business,Debit Card,Online
ORD100409,2025-12-04,Customer_8932,Central,,Mobile,1.0,29598.3,29598.3,Corporate,UPI,Store
ORD101615,2024-01-07,Customer_1999,South,Sports,Shirt,14.0,27696.11,387745.54,Corporate,upi,Store
ORD100695,2025-03-22,Customer_9683,South,Furniture,Headphones,3.0,89591.88,268775.64,Corporate,Credit Card,Store
ORD101739,2024-04-26,Customer_2770,East,Beauty,Desk,8.0,90385.38,723083.04,Corporate,Credit Card,Online
ORD100549,2025-03-06,Customer_9998,North,Beauty,Laptop,5.0,95736.56,478682.8,Corporate,Credit Card,Store
ORD100937,2025-08-13,Customer_2036,North,Beauty ,Desk,1.0,54530.29,54530.29,Consumer,Credit Card,Store
ORD101390,2024-02-16,Customer_2412,East,Furniture,Chair,9.0,63291.16,569620.44,Small Business,,Online
ORD101608,2024-01-30,Customer_3435,West,,Desk,4.0,77715.11,310860.44,Small Business,Cash,Online
,2025-10-27,Customer_7825,Central,Furniture,Shirt,12.0,19003.23,228038.76,Consumer,Debit Card,Store
ORD101482,2025-05-02,Customer_1104, Central,Beauty,Headphones,1.0,8363.27,8363.27,Small Business,Credit Card,Marketplace
ORD100183,2025-05-15,Customer_1430,West,Sports,Laptop,14.0,48142.29,673992.06,Consumer,Cash,Marketplace
ORD101071,2025-11-09,Customer_4022,South,,Monitor,8.0,1898.21,15185.68,Small Business,Debit Card,Online
ORD101161,2025-07-10,Customer_2871,South,Clothing,Backpack,6.0,59127.66,354765.96,Corporate,Credit Card,
ORD100171,2025-10-16,Customer_5757,North,Furniture, Chair,11.0,61333.12,674664.32,Small Business,Cash,Online 
ORD100293,2024-08-30,Customer_9148,West,Grocery,Keyboard,,48041.72,432375.48,Small Business,Debit Card,Marketplace
ORD100562,2024-08-03,Customer_9972,North,Sports,Monitor,13.0,66664.06,866632.78,Small Business,Cash,Store
ORD101457,2024-01-03,Customer_3938,East,Beauty,Shoes,12.0,46370.95,556451.4,Small Business,UPI,Marketplace
ORD101877,2024-04-05,Customer_8506,CENTRAL,Grocery,Mobile,5.0,16365.22,81826.1,Small Business,,Store
ORD101652,2025-03-28,Customer_9743,East,Grocery,Shoes,2.0,52770.54,105541.08,Consumer,,Online
ORD100850,2025-02-20,Customer_1539,East,Clothing,Chair,12.0,43574.52,522894.24,Small Business,Net Banking,Online
ORD100273,2024-09-11,,West,Beauty,Chair,5.0,53397.84,266989.2,Corporate,Credit Card,Online
,2024-09-18,Customer_5984,East,Clothing,Laptop,8.0,68835.64,550685.12,Small Business,Cash,Online
ORD101035,2024-01-27,Customer_2712,South,Sports,Shirt,9.0,3208.45,28876.05,Corporate,UPI,Store
ORD101744,2024-12-25,Customer_7875,South,Beauty,Shirt,3.0,88899.85,266699.55,Small Business,Net Banking,Marketplace
ORD100372,2024-03-16,Customer_4728,East,Beauty,Keyboard,3.0,10980.94,32942.82,Small Business,Cash,Store
ORD101670,2024-08-13,Customer_9035,North,Grocery,Backpack,12.0,35568.6,426823.2,Corporate,Credit Card,Marketplace
ORD100722,2025-01-23,Customer_2922,South,Clothing,Shoes,5.0,25917.32,,Consumer,UPI,Online
ORD100734,2024-01-20,Customer_6053,,,Headphones,13.0,54001.67,702021.71,Consumer,Net Banking,Marketplace
ORD100778,2025-10-04,Customer_1794,North,Electronics,Laptop,9.0,84212.84,757915.56,Corporate,Net Banking,STORE
ORD100519,2024-02-15,Customer_5272,Central,Furniture,Headphones,7.0,11853.14,82971.98,Consumer,UPI,Store
ORD100335,2024-03-10,Customer_3363,South,,Backpack,14.0,86657.22,1213201.08,Consumer,Debit Card,Store
ORD100846,2025-06-13,Customer_1762,South,Beauty,Shirt,3.0,22631.58,,Corporate,Debit Card,Online
ORD101252,2025-09-26,Customer_3588,West,Clothing,Mobile,12.0,9977.47,119729.64,Consumer ,Debit Card,Online
ORD101053,2025-08-22,Customer_6225,North,Furniture,Mobile,6.0,75948.95,455693.7,,UPI,Marketplace
ORD101411,2025-05-16,Customer_2934,South,Grocery,Shoes,14.0,70033.42,980467.88,Consumer,,Marketplace
ORD100016,2024-04-05,Customer_9443,East,Furniture,Headphones,4.0,24604.02,98416.08,Small Business ,Net Banking,Online
ORD100708,2024-01-28,Customer_1844,North,Grocery,Monitor,4.0,9591.67,38366.68,Consumer,Credit Card,Marketplace
ORD100901,2024-07-17,Customer_1085,North,Beauty,Keyboard,1.0,30939.0,30939.0,Consumer,Credit Card,Store
ORD100323,2024-02-21,Customer_2204,Central,Furniture,Shoes,14.0,11399.67,159595.38,Small Business,Debit Card,Marketplace
ORD101573,2025-11-12,Customer_1195,West,Furniture,Shoes,2.0,,76639.54,Corporate,UPI,Store
ORD100904,2025-01-04,Customer_6896,South,Sports ,Mobile,2.0,18383.24,36766.48,Small Business,UPI,Online
ORD100466,2024-12-06,Customer_5676,Central,Clothing,Desk,7.0,26563.06,185941.42,Consumer,Debit Card,Store
ORD101159,2024-12-06,Customer_9369,South,Electronics ,Chair,6.0,44802.07,268812.42,Consumer,Cash,Online
ORD100200,,Customer_8372,South,Sports,Desk,14.0,65360.98,915053.72,Corporate,UPI,Store
ORD101207,2025-11-21,Customer_5090,North,Sports,mobile,3.0,59672.52,179017.56,Small Business,Cash,Marketplace
ORD101056,2025-05-18,Customer_1732,West,Electronics,Headphones,9.0,80758.86,726829.74,Small Business,Credit Card,STORE
ORD101132,2024-09-06,Customer_1878,SOUTH, Sports,Backpack,9.0,17141.13,154270.17,Corporate,Credit Card,Marketplace
ORD101380,2025-10-25,Customer_3545,Central,Furniture,Shirt,7.0,25679.15,179754.05,Consumer,UPI,Online
ORD100999,2025-11-08,Customer_8357,East,Electronics,Keyboard,7.0,13069.66,91487.62,Small Business,Credit Card,Store
ORD100728,2025-01-23,Customer_6269,South,Electronics,Shirt,5.0,55825.54,279127.7,Consumer,Cash,Marketplace
ORD101772,,Customer_6536,East,Beauty,Shoes,1.0,6226.96,6226.96,,Cash,Marketplace
ORD100995,2024-08-27,Customer_3525,East,clothing,Shirt,1.0,32368.82,32368.82,Consumer,UPI,Store
ORD101822,2025-12-25,Customer_7052,East,Sports,Chair,,80371.46,160742.92,Corporate,Credit Card,Store
ORD100568,2025-04-21,Customer_6375,West,Electronics,Mobile,3.0,77694.69,233084.07,Small Business,Net Banking,Store
ORD100044,2024-04-09,Customer_6649,Central,Beauty,Laptop,14.0,81886.07,1146404.98,Consumer,Net Banking,Online
ORD100275,2024-07-13,Customer_5061,South,Grocery,Monitor,10.0,70568.02,705680.2,Corporate,Credit Card,Online
ORD101097,2024-07-27,Customer_7367,West,Electronics,Mobile,8.0,22712.51,181700.08,Corporate,Debit Card,Marketplace
ORD100102,2024-08-22,Customer_2311,East,Grocery,Chair,12.0,86825.47,1041905.64,Small Business ,Cash,Marketplace
ORD101232,2024-01-30,Customer_9756,West,Furniture,Shirt,12.0,8530.8,102369.6,Corporate,Net Banking,Online
ORD101722,2025-03-23,Customer_3304,Central,Clothing,Monitor,14.0,97439.79,1364157.06,Consumer,Cash,Marketplace
ORD101833,2025-02-22,Customer_3476,Central,Furniture,Mobile,1.0,11975.55,,Corporate,Net Banking,Marketplace
ORD100108,2024-08-04,Customer_3730,South,Furniture,BACKPACK,2.0,20449.75,40899.5,Consumer,UPI,Online
ORD101618,2025-08-02,Customer_7275,South,,Shirt,14.0,90651.45,1269120.3,,Credit Card,
ORD100498,2024-12-05,Customer_8518,South,Clothing,Keyboard,14.0,82198.46,1150778.44,Consumer,Debit Card,Store
ORD101634,2024-11-15,Customer_7363,Central,Sports,Desk,11.0,30261.48,332876.28,Consumer,Net Banking,Online
ORD100882,2024-11-09,Customer_6829,South,Beauty,Shoes,13.0,34657.45,450546.85,Small Business,Net Banking,Store
ORD100757,2025-12-17,Customer_4768,West,Beauty,Laptop,14.0,88156.93,1234197.02,Corporate,Net Banking,Marketplace
ORD100620,2024-09-12,Customer_3086,North,Sports,Backpack,12.0,32417.69,389012.28,Corporate,UPI,Marketplace
ORD101107,2025-10-07,Customer_6131,Central,Sports,Shoes,10.0,53178.52,531785.2,Corporate,Cash ,Online
ORD101795,2025-09-21,Customer_1893,West,Sports,Headphones,7.0,40634.54,284441.78,Small Business,Cash,Marketplace
ORD100810,2025-10-28,Customer_3439,West,Clothing,Backpack,13.0,74617.93,970033.09,Small Business,Credit Card,Marketplace
ORD101038,2025-11-21,Customer_2406,West,Clothing,Chair,11.0,31560.47,347165.17,Consumer,Net Banking,Store
ORD100073,2025-04-09,Customer_1599,West,Clothing,Headphones,12.0,81896.69,982760.28,Corporate,Credit Card,Marketplace
ORD101284,2025-05-09,Customer_1132,East,Beauty,Backpack,14.0,13665.33,191314.62,Corporate,UPI,Store
ORD101272,2025-03-28,Customer_8032,West,Clothing,Chair,5.0,10215.87,51079.35,Consumer,,Online
ORD101335,2025-07-06,Customer_5842,South,Grocery,Headphones,11.0,14883.62,163719.82,Consumer,Net Banking,Marketplace
ORD101459,2024-05-28,Customer_9450,South,Beauty,SHOES,3.0,30389.09,91167.27,Corporate,UPI,Marketplace
ORD100482,2024-08-21,Customer_5888,South,Electronics,Backpack,4.0,45740.18,182960.72,Small Business,Cash,STORE
ORD101069,2025-05-22,Customer_4798,North,Beauty, Shirt,9.0,80255.2,722296.8,Small Business,Net Banking,
ORD100507,2025-09-02,Customer_8007,West,Furniture,Backpack,6.0,73744.3,442465.8,Corporate,Credit Card,Marketplace
ORD101238,2025-01-18,,Central,Beauty,,1.0,81690.65,81690.65,Corporate,Credit Card,Marketplace
ORD101862,2025-02-05,Customer_1699,East,Clothing,Monitor,14.0,22750.07,318500.98,Small Business,Credit Card,Store
ORD100541,2025-02-22,Customer_4618,North,Clothing,Keyboard,10.0,72170.06,721700.6,Consumer,Cash,Online
ORD101477,2024-05-09,Customer_9083,South,Sports,Laptop,1.0,89583.1,89583.1,Small Business,net banking,Store
ORD101867,2024-11-13,Customer_3422,Central,Furniture,Chair,12.0,31723.31,380679.72,Consumer,Debit Card,Marketplace
ORD101456,2025-09-02,Customer_1862,North,,Desk,11.0,52675.22,579427.42,Consumer,UPI,Online
ORD100312,2025-05-13,Customer_3194,West,Electronics,Desk,8.0,23532.67,188261.36,Small Business,Net Banking,Marketplace
ORD100963,2025-09-27,Customer_5922,Central,Clothing,Keyboard,12.0,35731.43,428777.16,Small Business,Credit Card,Marketplace
ORD100406,2024-08-03,Customer_9950,North,FURNITURE,Shoes,14.0,85955.64,,Small Business ,Debit Card,Store
ORD101331,2025-03-01,Customer_9482,South,Sports,Monitor,9.0,32649.73,293847.57,Consumer,Credit Card,Online
ORD101650,2025-05-12,Customer_4951,North,Electronics,Keyboard,9.0,13786.21,124075.89,Consumer ,UPI,Online
ORD100310,2025-07-23,Customer_2761,Central,Sports,Mobile,9.0,73109.86,657988.74,Consumer,Credit Card,Online
ORD100227,2025-07-21,Customer_9740,North,Clothing,Backpack,3.0,99214.12,297642.36,Small Business,Debit Card,Marketplace
ORD101858,2024-11-13,Customer_3738,East,Sports,Desk,7.0,11937.39,83561.73,Consumer,UPI,Online
ORD100711,2025-07-31,Customer_1647,,Furniture,Headphones,9.0,38926.41,350337.69,Consumer,Debit Card,Store
ORD100800,2024-04-18,Customer_5501,Central,Electronics,Monitor,14.0,70324.05,984536.7,Consumer,Debit Card,Marketplace
ORD101384,2025-12-18,Customer_2083,West,Beauty,Chair,12.0,73429.57,881154.84,Small Business,Cash,Marketplace
ORD101786,2025-04-17,Customer_5346,North,Electronics,Keyboard,10.0,75930.99,759309.9,Consumer,Net Banking,Store
ORD100149,2025-07-20,Customer_9176,Central,Clothing,Backpack,7.0,21113.92,147797.44,Consumer,Cash,Marketplace
ORD101555,2024-03-09,Customer_2494,North,Electronics,Desk,3.0,94889.71,284669.13,Corporate,Debit Card,Store
ORD101549,2025-11-12,Customer_3582,South,Furniture ,Shoes,13.0,10076.7,130997.1,consumer,Net Banking,Store
ORD100926,2025-03-27,Customer_4977,West,Clothing,Keyboard,5.0,46070.21,230351.05,Consumer,UPI,Store
ORD100943,2025-07-30,Customer_8933,Central,Furniture,Keyboard,3.0,16245.82,48737.46,Corporate,Cash,Online
ORD100837,2024-12-29,Customer_8109,SOUTH,Grocery,Chair,9.0,16612.88,149515.92,Small Business,UPI,Marketplace
ORD100576,2025-11-05,Customer_8298,East,Clothing,BACKPACK,14.0,1867.01,26138.14,Corporate,Credit Card,Store
ORD100558,2025-07-15,Customer_6927,Central,Grocery,,8.0,82950.31,663602.48,Consumer,Debit Card,Marketplace
ORD101236,2024-10-27,,Central,Electronics,Desk,2.0,21683.53,43367.06,Corporate,Net Banking,Marketplace
ORD101361,2025-04-10,Customer_1652,South,Beauty,Shirt,13.0,44178.25,574317.25,Consumer,upi,Store
ORD101348,2024-05-24,Customer_3162,East,Furniture,Backpack,6.0,68107.51,408645.06,Consumer,Cash,Marketplace
ORD101162,2025-01-21,Customer_5389,South,Furniture,Shirt,6.0,53747.05,322482.3,Small Business,Credit Card,Online
ORD101443,2024-12-07,Customer_3932,Central,Beauty,Shirt,4.0,54943.15,219772.6,Consumer ,Debit Card,Marketplace
ORD100287,2024-04-10,Customer_3610,Central,Beauty,Chair,4.0,18083.04,72332.16,Corporate,UPI ,Store
ORD101605,2025-11-04,Customer_5505,Central,Electronics,Chair,5.0,65130.64,325653.2,Small Business,Cash,Store
ORD101058,2025-04-26,Customer_1370,South,Beauty,Monitor,10.0,89894.85,898948.5,Small Business,Cash,Marketplace
ORD100599,2025-10-06,Customer_8734,Central,Electronics,Mobile,5.0,17457.88,87289.4,Corporate,Credit Card,Online
ORD100933,,Customer_5933,central,Sports,Desk,5.0,79419.57,397097.85,Corporate,Credit Card,Marketplace
ORD101462,2024-09-13,Customer_2129,South,Furniture,Mobile,9.0,12083.37,,Corporate,Net Banking,Marketplace
,2024-03-27,Customer_6224,West,Electronics,Shoes,10.0,96234.79,962347.9,small business,UPI,Marketplace
ORD101588,2024-04-20,Customer_2506,Central,Clothing,Backpack,1.0,54741.63,54741.63,Small Business,UPI,Marketplace
ORD101041,2024-01-22,Customer_6707,East,Grocery,Desk,13.0,16796.49,218354.37,Small Business,Net Banking,Store
ORD101231,2024-11-02,Customer_2037,East,Beauty,Shoes,10.0,44940.42,449404.2,,Credit Card,Marketplace
ORD100807,2025-03-21,Customer_2753,Central,Sports,Keyboard,7.0,63685.42,445797.94,Small Business,Credit Card,Marketplace
ORD100905,2024-07-02,Customer_5419,West,Clothing,Desk,1.0,2301.31,2301.31,Corporate,Credit Card,Marketplace
ORD101680,2024-10-23,Customer_6435,Central,Sports,Keyboard,12.0,45877.64,550531.68,Corporate,UPI,Store
ORD101205,2024-03-23,Customer_3078,East,Beauty,Mobile,6.0,66300.18,397801.08,Small Business,Net Banking,Online
ORD100768,2024-01-27,Customer_3773,North,Sports,Chair,5.0,53915.7,269578.5,Corporate,UPI,Online
ORD100610,2024-01-06,Customer_7154,North,Electronics,Shoes,13.0,38769.17,503999.21,Small Business,Net Banking,Store
ORD100539,2024-11-12,Customer_5833,Central,Grocery,Monitor,10.0,67462.95,674629.5,Small Business,Net Banking,Store
ORD101565,2025-08-23,Customer_7625,Central,Clothing,Shoes,11.0,76254.67,838801.37,Small Business,Credit Card,online
ORD101423,2024-04-11,Customer_6900,West,Furniture,Laptop,4.0,708.27,2833.08,Corporate,Credit Card,Store
ORD101011,2024-06-18,Customer_5067,Central,beauty,Headphones,,75982.28,911787.36,Corporate,UPI,Marketplace
ORD100494,2025-06-05,Customer_4159,West,Beauty,Backpack,6.0,75508.3,453049.8,Corporate,UPI,Store
ORD101321,2024-02-10,Customer_6152,,Grocery,Shoes,4.0,54528.28,218113.12,Small Business,Debit Card,Store
ORD100278,2024-05-23,Customer_1829,North,Sports,Mobile,4.0,55858.21,223432.84,Consumer,Net Banking,Online
ORD101847,2024-10-17,Customer_8803,South,Electronics, Chair,3.0,61629.6,184888.8,Consumer,Credit Card,Store
ORD100359,2025-02-09,Customer_9721,North,Electronics,Shoes,4.0,54614.12,218456.48,Corporate,UPI,Marketplace
,2024-06-11,Customer_2916,Central,Beauty,Laptop,9.0,26850.89,241658.01,Corporate,Cash,Store
ORD100237,2024-03-10,Customer_1744,North,Beauty,Chair,10.0,63290.8,632908.0,Small Business,Debit Card,
ORD100552,2025-11-24,Customer_4578,West,Sports,Chair,10.0,,575588.2,Small Business,Debit Card,Online
ORD101868,2025-07-26,Customer_5225,Central,Beauty,Shoes,9.0,81659.44,734934.96,Corporate,UPI,Marketplace
ORD101813,2025-04-06,Customer_8715,South,,Headphones,10.0,56053.16,560531.6,Corporate,Debit Card,Online
ORD100209,2025-12-07,Customer_1907,West,Beauty,Desk,14.0,84061.2,1176856.8,Consumer,Debit Card,Marketplace
ORD101387,2025-02-22,Customer_4909,North,Grocery,Backpack,8.0,3151.89,25215.12,Consumer,Credit Card,Store
ORD101561,2025-01-16,Customer_5896,West,Sports,Desk,8.0,72513.16,580105.28,Consumer,Credit Card,Online
ORD100059,2025-01-05,Customer_8498,East,Grocery,Monitor,4.0,70886.34,283545.36,Corporate,Debit Card,Marketplace
ORD100632,2025-05-31,Customer_8546,North,Beauty,Headphones,1.0,12807.26,12807.26,Small Business,Cash,Store
ORD101816,2024-03-27,Customer_2493,Central,Sports,Shirt,14.0,17291.71,242083.94,Small Business,Net Banking,Marketplace 
ORD101860,2025-12-16,Customer_4157,West,Furniture,Keyboard,4.0,71469.64,285878.56,Small Business,Debit Card, Marketplace
ORD101817,2025-05-31,Customer_9914,South,Sports,Shoes,8.0,97244.76,777958.08,Small Business,UPI,Online
ORD100364,2025-04-13,Customer_7035,Central,Furniture,,3.0,64293.34,192880.02,Small Business,Credit Card,Online
ORD100506,2024-04-21,Customer_7643,West,Sports,Laptop,10.0,2100.63,21006.3,Corporate,Debit Card,Store
ORD101166,2025-12-15,Customer_1681,East,Clothing,,11.0,84408.07,928488.77,Small Business,Debit Card,Online
ORD101122,2025-10-25,Customer_8973,West,Furniture,Laptop,14.0,6562.22,91871.08,Consumer,Credit Card,Store
ORD101630,2025-04-09,Customer_8940,East,Electronics,Chair,7.0,49781.51,,Small Business,Debit Card,Online
ORD101217,2024-08-28,Customer_8405,Central,Electronics,Headphones,5.0,59909.37,299546.85,Corporate,Net Banking,Marketplace
ORD101152,2025-11-06,Customer_5503,Central,Furniture,Headphones,11.0,90747.28,998220.08,,UPI,Marketplace
ORD101125,2024-10-25,Customer_3733,North,Beauty,Shoes,1.0,69475.6,69475.6,Small Business,Debit Card,Online
ORD101595,2024-08-19,Customer_8096,South,Sports,Headphones,7.0,71042.53,497297.71,Consumer,Debit Card,Online
ORD100119,2024-05-22,Customer_6952,West,Electronics,Shoes,13.0,46263.52,601425.76,Small Business,Cash,Online
ORD101250,2025-09-16,Customer_1266,North,Grocery ,Keyboard,5.0,57968.71,289843.55,Consumer,UPI,Store
ORD101320,2025-10-23,Customer_8035,,Grocery,Desk,10.0,83085.78,830857.8,Corporate,Debit Card,Store
ORD100523,2025-06-16,Customer_5374,East,Clothing,Shoes,4.0,34697.54,138790.16,corporate,UPI,Marketplace
ORD100514,2024-04-28,Customer_3303,Central,Beauty,Monitor,5.0,86482.15,432410.75,Small Business,Credit Card,Online
ORD100082,2025-12-19,Customer_8159,North,Sports,Laptop,4.0,82609.48,330437.92,Small Business,Cash,Marketplace
ORD100916,2025-12-15,Customer_2468,Central,Grocery,Chair,2.0,54928.98,109857.96,Small Business,Net Banking,Online
ORD101019,2025-12-06,Customer_1172,North,Electronics,Mobile,13.0,52590.95,683682.35,Consumer,Net Banking,Online
ORD100381,2025-01-13,Customer_2800,South,Clothing,Laptop,4.0,52171.29,,Consumer, Cash,Store
ORD101030,2024-02-10,Customer_9199,North,Electronics,Backpack,8.0,57767.25,462138.0,Consumer,Net Banking,Marketplace
ORD101689,2025-06-29,Customer_3320,East,Furniture,Monitor,3.0,,165731.49,Small Business,UPI,Online
ORD100085,2024-03-14,Customer_7334,East,Sports,Shirt,6.0,77305.0,,Small Business, Debit Card,Marketplace
ORD101678,2024-05-20,Customer_8831,Central,Clothing,keyboard,10.0,31068.99,310689.9,Small Business,Debit Card,Marketplace
ORD100330,2025-06-04,Customer_2584,South,Beauty,Shoes,4.0,57760.81,231043.24,Small Business,Net Banking,Online
ORD100007,2024-05-22,Customer_1782,East,Grocery,Backpack,5.0,51656.29,258281.45,Small Business,Cash,Marketplace
ORD100746,2024-01-21,Customer_7781,South,Sports,Shoes,11.0,61232.86,673561.46,Small Business,Credit Card,Marketplace
ORD101554,2025-04-30,Customer_3430,,Clothing,Laptop,3.0,70967.36,212902.08,Consumer,Credit Card,
ORD100915,2024-10-26,Customer_1430,,Electronics,Shoes,1.0,79190.83,79190.83,Small Business,Net Banking,Store
ORD100874,2024-12-18,Customer_6580,West,Grocery,Mobile,1.0,42945.8,42945.8,Consumer,Cash,Marketplace
ORD100452,2024-09-12,Customer_2641,Central,Electronics,Chair,2.0,14263.26,28526.52,Corporate,Debit Card,Marketplace
ORD100491,2024-10-12,Customer_9261,Central,Sports,Monitor,2.0,8967.86,17935.72,Corporate,Cash,Online
ORD101481,2024-03-06,Customer_3466,North,Sports,Backpack,9.0,94050.81,846457.29,Small Business,Net Banking,
ORD100288,2024-02-21,Customer_9163,West,,Desk,2.0,8946.7,17893.4,Small Business,Debit Card,Marketplace
ORD100949,2025-03-02,Customer_4203,Central,Electronics,Keyboard,1.0,55296.11,55296.11,Consumer,Credit Card,Online
ORD100490,2024-03-12,Customer_3198,South,sports,Desk,12.0,58089.45,697073.4,Small Business,UPI,Online
ORD101369,2025-01-15,Customer_7590,East,Electronics,Monitor,11.0,60251.49,662766.39,Corporate,Credit Card,Store
ORD101147,2024-01-03,Customer_2354,South,Clothing,Backpack,,40756.49,163025.96,Corporate, Net Banking,Online
ORD100706,2025-09-29,Customer_9775,South,Grocery,Laptop,3.0,11169.72,33509.16,Consumer,Credit Card,Online
ORD101727,2025-02-14,Customer_6234,North,Sports,Monitor,9.0,95636.38,860727.42,Consumer,Debit Card,Online
ORD101702,2024-03-20,Customer_8157,East,Sports,Headphones,7.0,15465.32,108257.24,Small Business,Credit Card,Online
,2025-03-05,Customer_9921,Central,Sports,Laptop,9.0,93067.62,837608.58,Corporate,Debit Card,ONLINE
ORD101600,2025-11-22,Customer_7990,South,Grocery,Mobile,5.0,67197.06,335985.3,Consumer,Debit Card,Marketplace
ORD101539,2024-08-21,Customer_2978,Central,Beauty,Shirt,7.0,5314.64,37202.48,Small Business,UPI,Online
ORD101406,2025-08-24,Customer_5247,East,Beauty,Keyboard,,666.01,6660.1,Small Business,UPI,Store
ORD101651,2025-09-13,Customer_5366,North,Sports,Headphones,,99498.64,596991.84,Small Business,UPI,Store
ORD100328,2024-06-10,Customer_2946,West, Grocery,Shirt,10.0,82701.2,827012.0,Consumer ,Net Banking,Marketplace
ORD100443,2025-03-16,Customer_3249,West,Sports,Monitor,2.0,53582.27,107164.54,Corporate,Credit Card,Online
ORD100775,2024-03-18,Customer_9584, West,Clothing,Monitor,4.0,75891.77,303567.08,Small Business,Credit Card,Marketplace
ORD101088,2024-02-25,Customer_6993,Central,Grocery, Monitor,12.0,21922.47,263069.64,Corporate,Cash,Marketplace
ORD101221,2024-08-20,Customer_9447,West,Electronics,Shoes,13.0,15516.72,201717.36,Consumer,Credit Card,Marketplace
ORD101636,2025-08-04,,North,Grocery,Monitor,4.0,35491.35,141965.4,Small Business,Net Banking,Online
ORD100178,2025-07-06,Customer_2988,North,Electronics,Mobile,7.0,48491.4,339439.8,Corporate,Credit Card,Marketplace
ORD101323,2025-03-27,Customer_5059,Central,Clothing,Desk,1.0,58340.14,58340.14,Small Business,Debit Card,Store
ORD100705,2024-05-10,Customer_2514,North,Sports,,11.0,4469.19,49161.09,Consumer,Cash,Marketplace
ORD100087,2025-10-12,Customer_4060,North,Grocery,Monitor,10.0,13220.38,132203.8,Small Business,UPI,Store
ORD101884,,Customer_3428,Central,Electronics,Monitor,8.0,43110.97,344887.76,Corporate,UPI,Store
ORD101530,2024-04-11,Customer_3230,West,Clothing,Chair,3.0,64806.55,194419.65,Consumer,Debit Card,Online
ORD100458,2025-09-27,Customer_1084,East,Furniture,Desk,2.0,72479.23,144958.46,Consumer,Net Banking,Marketplace
ORD101829,2025-01-07,Customer_5315,East,Electronics,Headphones,7.0,14302.83,100119.81,Corporate,Credit Card,Store
ORD100055,2025-07-19,Customer_8840,South,Electronics,Backpack,5.0,77108.33,385541.65,Consumer,Credit Card,Marketplace
ORD101502,2025-03-12,Customer_2524,East,Electronics,Backpack,1.0,25497.72,25497.72,Small Business,UPI,Store
ORD100644,2025-05-11,Customer_2653,West,Clothing,Mobile,3.0,94288.83,282866.49,Corporate,Credit Card,Marketplace
ORD100678,2025-12-13,Customer_6222,East,Grocery,Monitor,3.0,55006.64,165019.92,Consumer,UPI,MARKETPLACE
ORD100222,2024-08-18,Customer_5105,West,Clothing,Monitor,14.0,39611.97,554567.58,,Net Banking,Online
ORD100114,2025-02-09,,,Beauty,Laptop,12.0,79700.1,956401.2,Small Business,Net Banking,Online
ORD100983,2025-08-31,Customer_1440,Central,Beauty,Shoes,2.0,82055.71,164111.42,Consumer,Cash,Marketplace
ORD101229,2024-06-19,Customer_8511,West,,Chair,5.0,69518.75,347593.75,Consumer,Debit Card,Store
ORD101000,2024-07-21,Customer_8851,Central,Sports,,10.0,68717.41,687174.1,Consumer,UPI,Store
ORD100175,2024-06-05,Customer_6922,Central,Grocery,Headphones,12.0,62567.94,750815.28,Small Business,Cash,Store
ORD100782,2024-11-04,,Central,Clothing,,,38599.05,231594.3,Small Business,Credit Card,Marketplace
ORD100590,2024-05-30,Customer_4570,North,Sports,Shirt,4.0,78291.33,313165.32,Consumer,Debit Card,Store
ORD101560,2024-04-08,Customer_1802,North,Furniture,Shoes,3.0,26740.85,80222.55,Consumer,,Store
ORD100019,2025-06-01,Customer_5772,East,Electronics,Headphones,3.0,33467.49,100402.47,Corporate, Credit Card, Store
ORD100424,2025-10-14,Customer_2996,Central,Electronics,Desk,6.0,64695.93,388175.58,Consumer,,Marketplace
ORD101344,2024-12-12,Customer_9655,West,Beauty,Monitor,11.0,3894.36,42837.96,Consumer,Net Banking,Store
ORD100286,2025-07-17,Customer_4110,South,Grocery,Headphones,5.0,22547.65,112738.25,Corporate,UPI,Store
ORD101584,2024-06-07,Customer_2056,central,Sports,Laptop,13.0,66334.43,862347.59,Consumer,Net Banking,Online
ORD100429,2025-12-23,Customer_3399,North,Sports,Backpack,8.0,,445664.32,Consumer,Net Banking,Store
ORD101510,2024-11-25,Customer_2565,West,Electronics,Backpack,14.0,47593.12,666303.68,Consumer,UPI,Online
ORD101319,2025-10-04,Customer_6759,West,Grocery ,Shirt,8.0,23580.22,188641.76,Corporate,Credit Card,Store
ORD100670,2025-07-09,Customer_1998,Central,Beauty,Monitor,5.0,38820.76,194103.8,Corporate,Net Banking,Marketplace
ORD100032,2024-01-07,Customer_9312,West,Sports,Shirt,10.0,90879.26,908792.6,Small Business,Debit Card,Marketplace
ORD100941,2024-06-04,Customer_7899,Central,Electronics,Headphones,14.0,12712.75,177978.5,consumer,Debit Card,Store
ORD100723,2024-12-01,Customer_8846,South,Grocery,Chair,3.0,54447.26,163341.78,Consumer,Net Banking,ONLINE
ORD100995,2024-08-27,Customer_3525,East,clothing,Shirt,1.0,32368.82,32368.82,,UPI,Store
ORD100215,2025-10-27,Customer_3653,South,Sports,Monitor,9.0,73561.49,662053.41,Consumer,Debit Card,Store
ORD100814,2025-05-10,Customer_5135,West,Sports,Shirt,12.0,52077.63,624931.56,Small Business,UPI,Online
ORD100327,2025-06-27,Customer_5582,North,Grocery,Desk,12.0,94093.45,1129121.4,Consumer,Debit Card,Store
ORD100561,2024-10-20,Customer_2011,Central,Furniture,Monitor,1.0,82537.56,82537.56,Consumer,Cash,Online
ORD101113,2025-07-18,Customer_7116,Central,Grocery,Chair,5.0,57377.6,286888.0, Corporate,UPI,Online
ORD100701,2025-11-26,Customer_6411,South,Grocery,Shoes,4.0,92037.69,368150.76,Small Business,Net Banking,Marketplace
ORD101579,2024-12-26,Customer_7098,Central,Grocery,Mobile,5.0,73928.75,369643.75,Small Business,Credit Card,Marketplace
ORD101190,2025-06-22,Customer_6747,South,Grocery,Shoes,8.0,25891.51,207132.08,Small Business,Credit Card,Store
ORD100342,2025-08-15,Customer_1637,West,Sports,Shirt,9.0,76542.57,688883.13,Small Business,Debit Card,Store
ORD100630,2025-03-29,Customer_4762,North,Clothing,Desk,12.0,26675.33,320103.96,Consumer,UPI,Marketplace
ORD100148,2024-09-14,Customer_4048,Central,Grocery,Headphones,1.0,48287.4,48287.4,Corporate,DEBIT CARD,Store
ORD101310,2024-07-13,Customer_3480,North,Clothing,Shirt,,16916.86,135334.88,Corporate,Credit Card,Store
ORD100361,2025-11-18,Customer_5911,Central,Grocery, Laptop,3.0,1565.24,4695.72,Consumer,Debit Card,Online
ORD100084,2025-10-25,Customer_8204,Central,Beauty,Keyboard,14.0,84010.72,1176150.08,Consumer,Net Banking,Online
ORD100049,2024-02-14,Customer_1726,South,Sports,Headphones,4.0,84028.14,336112.56,Consumer,UPI,Store
ORD100469,2024-09-11,Customer_4804,Central,Furniture,Desk,7.0,40178.67,281250.69,Small Business,Net Banking ,Store
ORD100156,2025-10-18,Customer_4515,,Electronics,Laptop,8.0,8342.6,66740.8,Small Business,Net Banking,Store
ORD100773,2025-02-10,Customer_9882,Central,Grocery,Chair,1.0,1202.06,1202.06,Consumer,UPI ,Marketplace
ORD101240,2024-05-29,Customer_5646,North,Grocery,Desk,9.0,38800.52,349204.68,Consumer,Debit Card,Store
ORD101201,2025-09-30,Customer_3221,West,Grocery,Keyboard,12.0,87172.61,1046071.32,Consumer ,CREDIT CARD,Store
ORD101403,2025-12-14,Customer_6680,North,Clothing, Keyboard,10.0,34244.06,342440.6,Small Business ,Cash,Online
ORD101203,2025-02-11,Customer_1971,,Furniture,Headphones,6.0,66562.68,399376.08,Consumer,Credit Card,Store
ORD101631,2024-12-15,Customer_6636,North,Clothing,Headphones,9.0,23102.07,207918.63,Consumer,Credit Card,Online
ORD100501,2024-09-24,,South,Beauty,Shirt,10.0,98125.51,,Corporate,Debit Card,Marketplace 
ORD101765,2025-08-01,Customer_6600,Central,BEAUTY,Backpack,1.0,4635.79,4635.79,Small Business,Cash,Store
ORD100180,2024-01-01,Customer_3275,North,Sports, Desk,4.0,55344.85,221379.4,Consumer,Cash,Online
ORD101048,2025-06-15,Customer_6706,WEST,Clothing,Monitor,12.0,21631.43,259577.16,Small Business ,Debit Card,Marketplace
ORD101756,2024-03-18,Customer_8393,West,Electronics,Keyboard,12.0,9595.8,115149.6,Consumer,Net Banking,Store
ORD100951,2025-09-02,Customer_2752,North,Furniture,Mobile,2.0,34431.95,68863.9,,Cash,Store
ORD101317,2025-10-05,Customer_3017,East,Furniture,Shirt,7.0,,355557.23,,Cash,Marketplace
ORD101620,2025-02-14,Customer_7868,West,Grocery,Shoes,1.0,64317.61,64317.61,Consumer,,Marketplace
ORD100529,2025-03-17,Customer_4871,Central,Clothing,Headphones,13.0,,1135502.29,Small Business,Debit Card,Marketplace
ORD100347,,Customer_8487,West,Clothing,Monitor,8.0,31787.85,254302.8,Corporate,Cash,Store
ORD101388,2024-04-29,Customer_1948,West,,Backpack,14.0,87217.63,1221046.82,Small Business,Cash,Online
ORD100981,2025-04-06,Customer_9939,Central,Grocery,Backpack,6.0,36432.94,218597.64,,Cash,Store
ORD101051,2024-10-11,Customer_8178,east,Clothing,Headphones,6.0,76339.21,458035.26,Consumer,Cash,Online
ORD101576,2024-10-21,Customer_3141,Central,Clothing,Headphones,7.0,43607.21,305250.47,Consumer,Net Banking,
ORD101442,2024-02-21,Customer_3458,West,Furniture,Shoes,3.0,84238.85,252716.55,Corporate,Credit Card,Online
ORD100602,2025-12-14,Customer_7698,Central,BEAUTY,Monitor ,4.0,72459.32,289837.28,Small Business,UPI,Store
ORD101282,2024-07-22,Customer_8291,West,Electronics,Laptop,14.0,97747.47,1368464.58,Consumer,Net Banking,Online
ORD100244,2025-11-16,Customer_5745,North,Beauty,Headphones,4.0,40561.58,162246.32,Corporate,Debit Card,Store
ORD101337,2025-06-27,Customer_4921,North,Grocery,Monitor,1.0,71117.38,71117.38,Small Business,Credit Card,Online
ORD101068,2025-12-11,Customer_8570,South,Electronics,Headphones,9.0,41334.84,372013.56,Small Business,upi,Online
ORD101476,2024-02-23,Customer_7033, North,Sports,Chair,5.0,59389.23,,Small Business,Net Banking,Marketplace
ORD100313,2024-06-07,,South,Electronics,Shirt,7.0,,674368.45,Small Business,Net Banking,Store
ORD100436,2024-06-01,Customer_5201,West,Beauty,Chair,1.0,76688.95,76688.95,Small Business,Net Banking,Store
ORD101899,2025-06-23,Customer_7602,Central,Electronics,Headphones,4.0,78121.49,312485.96,Small Business,Cash,Marketplace
ORD101329,,Customer_5942,North,Sports,Laptop,13.0,73484.33,955296.29,Small Business,Net Banking,Store
ORD100309,2025-12-14,Customer_1133,Central,Sports,Chair,4.0,18916.07,75664.28,Small Business,UPI,Online
ORD100431,2025-07-28,Customer_1689,Central,Beauty,Backpack,1.0,30275.84,30275.84,Consumer,Credit Card,Store
ORD100661,2025-01-27,Customer_6253,Central,Beauty,Headphones,10.0,44382.98,443829.8,Consumer,Credit Card,Store
ORD100371,2024-04-12,Customer_5350,West,Clothing,Shirt,6.0,81395.25,488371.5,Consumer,Cash,Online
ORD100567,2024-11-25,Customer_3695,Central,Grocery,Shoes,7.0,8088.54,56619.78,Corporate,Debit Card,Online
ORD100980,2025-02-22,Customer_4273,Central,Sports,Backpack,7.0,3435.02,24045.14,Small Business,,Store
ORD100182,2024-11-27,Customer_9094,North,,Shirt,4.0,78404.87,313619.48,Corporate,Debit Card,Store
ORD101363,2025-11-19,Customer_7520,North,Electronics,Desk,11.0,91881.6,1010697.6,Corporate,Debit Card,Store
ORD100622,2025-04-12,Customer_1056,Central,Grocery,Mobile,3.0,62966.95,188900.85,Corporate,Cash,Online
ORD100819,2024-11-26,Customer_7112,South,Beauty,Backpack,6.0,37205.06,223230.36,Consumer,Credit Card,Store
ORD101193,2024-05-27,Customer_9827,West,Beauty,Laptop,14.0,71871.08,1006195.12,Corporate,Cash,Marketplace
ORD100953,2024-08-19,Customer_5991,Central,Clothing,Shoes ,8.0,39133.76,313070.08,Small Business,Debit Card,Online
ORD101422,2025-01-06,Customer_9368,West,Sports,Desk,14.0,69805.85,977281.9,Small Business,UPI,Store
ORD101841,2024-03-08,Customer_7342,South,Sports, Monitor,13.0,38785.0,504205.0,Consumer,UPI,Marketplace
ORD100923,2024-10-18,Customer_7779,Central,Furniture,Monitor,12.0,21687.44,260249.28,Consumer,Debit Card,Store
ORD101074,2024-02-07,Customer_7481,North,Electronics,Monitor,13.0,96627.72,1256160.36,Small Business,Cash,Store 
ORD100297,2025-05-07,Customer_9281,West,,Monitor,13.0,97312.47,1265062.11,Consumer,Credit Card,Store
ORD100967,2024-07-31,Customer_6147,South,,Keyboard,5.0,64303.2,321516.0,Consumer,Debit Card,Store
ORD100462,2024-06-30,Customer_8822,Central,Clothing,Chair,1.0,60361.62,60361.62,Small Business,Net Banking,Marketplace
ORD101303,2025-05-23,Customer_2120,,Grocery,Mobile,1.0,15243.27,15243.27,Small Business,Credit Card,Marketplace
ORD101177,2025-01-30,Customer_6711,East,Grocery,Laptop,5.0,53206.79,266033.95,Consumer,Net Banking,Marketplace
ORD100378,2024-12-23,Customer_3421,West,Electronics,Shoes,1.0,54986.48,54986.48,Small Business,Credit Card, Online
ORD100799,2025-05-16,Customer_9673,South,Grocery,Headphones,12.0,22621.33,271455.96,,Credit Card,Marketplace
ORD101103,2025-12-16,Customer_3826,Central,Beauty,Chair,11.0,33107.76,364185.36,Small Business,Credit Card,Store
ORD100106,2024-10-01,Customer_8305,East,Sports,Shirt,5.0,54368.96,271844.8,Consumer,Credit Card,Online
ORD100127,2025-02-12,Customer_2101,EAST,Sports,Shoes,8.0,65186.79,521494.32,Small Business,Debit Card,Store
ORD100365,2024-11-19,Customer_6427,South,Sports,Monitor,9.0,75958.5,683626.5,Corporate,Net Banking,marketplace
ORD100839,2024-12-14,Customer_2562,West,Beauty,Headphones,,58622.43,527601.87,Corporate,UPI,Store
ORD100356,2024-11-17,,Central,Electronics,Desk,4.0,38103.93,152415.72,Small Business,Net Banking,Marketplace
ORD101617,2024-05-26,Customer_5583,North,Furniture, Desk,11.0,52773.79,580511.69,Consumer,UPI,Marketplace
ORD100683,2024-01-07,Customer_7167,North,Furniture,Desk,1.0,51514.29,51514.29,Small Business,Debit Card,Store
ORD100813,2025-07-05,Customer_9625,South,Electronics,Mobile,9.0,82530.55,742774.95,Consumer,Debit Card,Store
ORD101681,2024-12-01,Customer_4300,East,Electronics,Shoes,14.0,78156.75,1094194.5,Consumer,,Online
ORD100210,2024-07-24,Customer_3034,South,Clothing,Headphones,14.0,17501.91,245026.74,Corporate,UPI,Online
ORD101493,2025-11-05,Customer_2703,South,Electronics,Headphones,14.0,93638.48,1310938.72,Corporate,Net Banking ,Marketplace
ORD100141,2025-09-02,Customer_7012,East,Beauty,Shoes,9.0,90791.08,817119.72,Small Business,UPI,Store
ORD100094,2024-10-03,Customer_7955,West,Furniture,Backpack,2.0,96455.6,192911.2,Small Business,Credit Card,Marketplace
ORD101340,2024-06-17,Customer_2847,West,Grocery,Mobile,6.0,59342.15,356052.9,Consumer,Cash,Store
ORD101798,2025-01-28,Customer_8005,Central,Sports,Monitor,7.0,54292.85,380049.95,Small Business,Cash,Marketplace
ORD101575,2024-02-22,Customer_4641,Central,Electronics,Shirt,10.0,18255.75,182557.5,Corporate,Cash,Online
ORD101182,2024-02-07,Customer_4438,East,Electronics,Shirt,,4580.87,18323.48,Small Business,Cash,Marketplace
ORD101394,2024-04-28,Customer_1901,East,Beauty,Mobile,11.0,73331.81,806649.91,Corporate,Cash,Marketplace
ORD101816,2024-03-27,Customer_2493,Central,Sports,Shirt,14.0,17291.71,242083.94,Small Business,Net Banking,Marketplace 
ORD100712,2025-11-09,Customer_2192,North,Furniture,Laptop,3.0,16452.01,49356.03,Corporate,Net Banking,Store
ORD101794,2024-04-02,Customer_3516,North,Clothing,Desk,10.0,,999544.4,Corporate,Cash,ONLINE
,2024-08-09,Customer_3526,North,Beauty,Monitor,8.0,,630340.24,Corporate,Credit Card,Online
ORD100860,2024-01-18,Customer_4939,North,Sports,Desk,12.0,22599.85,271198.2,Small Business,Cash,Store
ORD100011,2024-03-30,Customer_2029,East,Furniture,Shoes,7.0,54423.51,380964.57,Corporate,Cash,Online
ORD101695,2024-12-28,Customer_7481,South,Sports,Backpack,5.0,80846.72,404233.6,Consumer,UPI,Online
ORD101428,2025-01-02,Customer_3577,South,Beauty,Shoes,6.0,84223.24,505339.44,Corporate,UPI,Store
ORD100283,2024-09-12,Customer_3616,West,Electronics,Headphones,1.0,23189.98,23189.98,Small Business,credit card,Marketplace
ORD100811,2024-10-03,Customer_4948,East,Electronics,Shoes,12.0,98198.72,,Small Business,Credit Card,Store
ORD101342,2025-05-08,Customer_9185,North,Clothing,Keyboard,10.0,35410.73,354107.3,Small Business,Credit Card,Store
ORD100292,2024-04-05,Customer_6055,South,Grocery,Mobile,1.0,39798.16,39798.16,Corporate,UPI,Store 
ORD100755,2024-08-11,Customer_4214,East,Electronics,Laptop,6.0,81194.05,487164.3,Corporate,Credit Card,Online
,2025-07-26,Customer_7948,West,Furniture,Headphones,3.0,26658.53,79975.59,Consumer,,Store
ORD100944,2024-11-07,Customer_2260,Central,Grocery ,Shoes,13.0,25623.79,333109.27,Consumer,Credit Card,Store
ORD100862,2024-10-28,Customer_9856,East,Grocery,,10.0,39943.72,399437.2,Small Business,Credit Card,Store
ORD100130,2024-05-21,,North,Beauty,Shoes,3.0,,130144.05, Small Business,UPI,Online
ORD101176,2025-01-25,Customer_5305,West,Sports,Keyboard,8.0,81838.85,654710.8,Corporate,Credit Card,Online
ORD100324,2025-08-21,,West,Clothing,Keyboard,10.0,79571.49,795714.9,Small Business,Net Banking,Online
ORD101091,2025-01-05,,East,Clothing,Keyboard,8.0,26405.25,211242.0,Small Business,Credit Card,Marketplace
ORD100844,,Customer_8790,East,Furniture,Backpack,6.0,5708.0,34248.0,Consumer,Net Banking,Store
ORD100964,2024-03-02,Customer_6253,Central,Clothing,Shirt,1.0,75772.44,75772.44,Corporate,,Store
ORD101865,2025-12-26,Customer_8133,South,Electronics,Keyboard,14.0,67747.53,948465.42,Consumer,Cash,Marketplace
ORD100866,2024-09-06,Customer_2284,South,Grocery,Shoes,2.0,28346.29,56692.58,,UPI,Store
ORD100922,2025-08-10,Customer_5781,Central,Clothing,Desk,6.0,66452.37,398714.22,Corporate,Cash,Marketplace
ORD100696,2025-05-12,Customer_3196,West,Beauty,Headphones,9.0,32289.33,290603.97,Small Business,,Store
ORD100216,2025-01-17,Customer_6286,East,Sports,Keyboard,7.0,76795.62,537569.34,Corporate,Net Banking,Store
ORD101781,2024-02-27,Customer_6424,West,Grocery,Desk,12.0,19192.76,230313.12,Small Business,Cash,Store
ORD101262,2025-04-15,Customer_2529,Central,Electronics,desk,3.0,4573.37,13720.11,Consumer,Net Banking,Store
ORD100159,2024-10-27,Customer_4279,West,Electronics,Backpack,3.0,32277.26,96831.78,Consumer,UPI, Marketplace
ORD101059,2024-12-22,Customer_6620,Central,Furniture,desk,14.0,65111.78,911564.92,Corporate,Cash,Online
ORD100989,2025-12-24,Customer_7703,East,Furniture,Keyboard,11.0,73999.06,813989.66,Consumer,Cash,Marketplace
ORD100842,2025-12-19,Customer_4764,North,Beauty,Monitor,1.0,92968.73,92968.73,Corporate,Cash,Marketplace
ORD100635,2025-04-01,Customer_5516,,Beauty,Chair,10.0,65205.89,652058.9,Small Business,UPI,Store
ORD100517,2024-07-13,Customer_5064,East,Grocery,Shoes,12.0,16014.47,192173.64,Consumer,UPI,Store
ORD101429,2024-03-03,Customer_5179,Central,Electronics,Laptop,7.0,24298.9,170092.3,Small Business,Credit Card,Online
ORD101748,2024-04-15,Customer_7204,South,Grocery,Mobile,12.0,29639.9,355678.8,Small Business,Net Banking,Store
,2025-02-28,Customer_2130,North,grocery,Laptop,6.0,22158.18,132949.08,Consumer,Debit Card,Store
ORD100196,2025-06-29,Customer_2208,Central,Furniture,Backpack,12.0,43422.17,521066.04,Small Business,Debit Card,Online
ORD101784,2024-03-16,Customer_7705,Central,Clothing,Monitor,9.0,64099.5,576895.5,Consumer,UPI,Marketplace
ORD100870,2025-01-12,Customer_2600,South,Grocery,,9.0,27633.67,248703.03,Consumer,UPI,Marketplace
ORD100411,2024-09-27,Customer_5038,West,Furniture,Shoes,12.0,18604.32,223251.84,,,Store
ORD100097,2025-07-24,Customer_3956,South,Sports,Keyboard,4.0,31264.0,125056.0,Small Business,Debit Card,Store
ORD101001,2025-03-11,Customer_7566,East,Beauty,Keyboard,3.0,9393.75,28181.25,Small Business,Debit Card,Marketplace
ORD101506,2025-12-30,Customer_7767,Central,Furniture,Laptop,8.0,13047.11,104376.88,Consumer,, Marketplace
ORD100157,2024-12-14,Customer_5678,South,Furniture,Shoes,6.0,82468.95,494813.7,Corporate,Cash,Marketplace
ORD100420,2024-02-15,Customer_8861,Central,Clothing,Backpack,14.0,63834.72,893686.08,Corporate,Net Banking,Marketplace
ORD101803,2025-04-05,Customer_2589,central,Sports,Chair,11.0,2165.07,23815.77,Consumer,Debit Card,Store 
ORD100478,2024-07-23,Customer_4052,West,Electronics,Headphones,7.0,27187.63,190313.41,Corporate,UPI,Online
ORD101856,2024-05-24,Customer_8357,East,Grocery,Shirt,3.0,30952.56,92857.68,Consumer,,Store
ORD100669,2024-12-04,Customer_5508,South,Furniture,Chair,9.0,50907.07,458163.63,Small Business,UPI,Marketplace
ORD101418,2024-08-10,Customer_5308,West, Clothing,Monitor,14.0,30683.12,429563.68,Corporate,Debit Card,Marketplace
ORD101872,,Customer_7358,Central,Clothing,mobile,,93536.18,935361.8,Corporate,Net Banking,Online
ORD101300,2025-12-03,Customer_7270,East,Grocery,Chair,7.0,54583.57,382084.99,Corporate,Credit Card,Marketplace
ORD100448,2024-02-10,Customer_9700,Central,Clothing,Shirt,3.0,63832.28,191496.84,Consumer,Cash,Store
ORD100554,2025-09-22,Customer_2341,Central,Electronics,Headphones,2.0,31441.4,62882.8,Small Business,Credit Card,Store
ORD100179,2025-06-27,Customer_4292,North,Sports,Keyboard,1.0,66115.93,,Small Business,,Online
ORD100391,2024-01-09,Customer_9221,South,Furniture,Mobile,6.0,19536.38,117218.28,Corporate,UPI,Store
ORD100579,2025-06-11,Customer_3161,Central,,Laptop,1.0,38707.44,38707.44,Corporate,UPI,Marketplace
ORD101478,2025-03-07,Customer_4201,North,Electronics,Monitor,7.0,58368.33,408578.31,Small Business,UPI,Marketplace
ORD101707,2025-02-18,Customer_4657,North,Electronics,Backpack,7.0,48206.78,,Corporate,Net Banking,Store
ORD101288,2025-08-08,Customer_3165,Central,Furniture,laptop,10.0,41473.61,414736.1,Corporate,NET BANKING,Marketplace
ORD101645,2024-03-24,Customer_6856,East,Sports,Mobile,6.0,56131.36,336788.16,Corporate,,Marketplace
ORD101024,2025-05-27,Customer_9499,South,Grocery,Backpack,3.0,42069.86,126209.58,Small Business,UPI,Online
ORD100821,2024-03-29,Customer_8520,South,Clothing,Monitor,6.0,80156.55,480939.3,small business,Debit Card,Store
ORD101825,2025-06-20,Customer_1731,North,Grocery,Backpack,11.0,85062.11,935683.21,Corporate,UPI,Marketplace
ORD100985,2024-10-25,Customer_4434,West,Electronics,Desk,,79879.47,159758.94,Small Business,Cash,Marketplace
,2024-10-06,Customer_7322,North,Sports,Keyboard,4.0,13324.0,53296.0,Small Business,Net Banking,Marketplace
ORD100665,2024-08-07,Customer_9540,West,Grocery,Keyboard,11.0,65937.65,725314.15,Corporate,Debit Card,Online
ORD100143,2025-01-29,Customer_6150,North,Furniture,Laptop,7.0,74941.25,524588.75,Consumer,Net Banking,Online
ORD101517,2025-10-10,Customer_3141,South,Clothing,Backpack,2.0,47649.18,95298.36,Small Business,Cash,Marketplace
ORD101430,2025-02-11,Customer_2685,Central,Sports,Headphones,3.0,47878.16,143634.48,Consumer,UPI,Store
ORD100865,2025-12-09,Customer_3292,South,Grocery ,,12.0,1438.92,17267.04,Consumer,Cash,Store
ORD100422,2024-12-07,Customer_5480,Central,Beauty,Mobile,14.0,59394.5,831523.0, Consumer,Debit Card,Online
ORD100637,2025-05-01,Customer_2848,Central,Electronics,Shirt,12.0,61446.72,737360.64,Corporate,Net Banking,online
ORD101407,2024-06-07,Customer_3735,North,Beauty,Monitor,9.0,93715.39,843438.51,Corporate,UPI,Marketplace
ORD100800,2024-04-18,Customer_5501,Central,Electronics,Monitor,14.0,70324.05,984536.7,Consumer,Debit Card,Marketplace
ORD101404,2025-07-07,Customer_9568,West,Beauty,Backpack,1.0,63327.34,63327.34,Corporate,Debit Card,Store
,2025-06-14,Customer_3924,North,Furniture,Shoes,12.0,58256.61,699079.32,Corporate,Cash,Online
ORD100295,2025-02-20,Customer_2475,North,Clothing,Keyboard,11.0,1836.24,20198.64,Corporate,Credit Card,Online
ORD100924,2025-04-25,Customer_7353,North,Beauty,Shoes,1.0,9846.49,9846.49,Small Business,Debit Card,Marketplace
ORD101269,2025-07-13,Customer_7493,East,Grocery,Mobile,8.0,38648.86,309190.88,Small Business,,Marketplace
ORD100530,2024-03-12,Customer_2017,North,Clothing,Shirt,2.0,16260.24,32520.48,Consumer,UPI,Marketplace
ORD100089,2025-06-30,Customer_9151,South,Grocery,Chair,6.0,96327.34,577964.04,Corporate, Cash,Store
ORD100042,2024-04-04,Customer_6850,East,Beauty,Laptop,12.0,37731.87,452782.44,Corporate,,Store
ORD101802,2024-02-12,Customer_4271,West,Electronics,,2.0,75407.59,150815.18,Corporate,Cash,Store
ORD100639,2024-09-22,Customer_7868,East,Electronics,Headphones,13.0,39300.13,510901.69,Small Business,NET BANKING,Store
ORD100132,2025-05-20,Customer_1530,South,Sports,Desk,8.0,15043.11,120344.88,Consumer,Credit Card,Marketplace
ORD101002,2024-04-27,Customer_9755,West,Clothing,,1.0,3033.48,3033.48,Small Business,Cash,
ORD101158,2024-12-19,Customer_9115,South,Clothing,Mobile,5.0,47027.4,235137.0,Corporate,Net Banking,Online
ORD101095,2025-03-28,Customer_9646,South,Electronics,Headphones,14.0,82471.03,1154594.42,Corporate,Debit Card,Online
ORD101855,2025-11-10,Customer_2970,North,Furniture,Headphones,2.0,43016.63,86033.26,Consumer,Credit Card,Marketplace
ORD101345,2024-04-27,Customer_1197,Central,Grocery,Mobile,10.0,74611.42,,Consumer,Cash,Store
ORD101499,2024-03-03,Customer_1981,South,Electronics,Headphones,14.0,84440.45,1182166.3,Consumer,Net Banking,
ORD100165,2025-05-27,Customer_8292,North,Grocery,Mobile,1.0,67071.51,67071.51,Small Business,Credit Card,store
ORD100725,2025-04-10,Customer_4350,East,Sports,Chair,9.0,22184.23,199658.07, Corporate,Cash,Store
ORD100291,2024-01-16,Customer_9171,North,Sports,Keyboard,11.0,68851.97,757371.67,Small Business,,Store 
ORD101209,2025-01-24,Customer_6277,West,Beauty,Chair,,90042.09,90042.09,consumer,Net Banking,Marketplace
ORD101589,2024-12-24,Customer_6432,West,Clothing,Desk,5.0,82993.34,414966.7,Corporate,Cash,Store
ORD101897,2025-06-03,Customer_3821,South,Clothing,Monitor,9.0,73375.33,660377.97,Consumer,Cash,Online
ORD101642,2025-09-24,Customer_1959,East,Beauty,Backpack,7.0,54731.28,383118.96,Corporate,Debit Card,Marketplace
ORD101362,2025-01-12,Customer_1990,North,Sports,Shoes,2.0,60614.95,121229.9,Consumer,Credit Card,
ORD100779,2024-09-05,Customer_1104,Central,Beauty,Monitor,13.0,47084.87,612103.31,Small Business,UPI,Marketplace
ORD100840,,Customer_9653,East,Grocery,Headphones,1.0,58689.26,58689.26,Small Business,Debit Card,Online
ORD100349,2025-08-20,Customer_9446,North,Sports,Laptop,8.0,37629.66,301037.28,Corporate,Credit Card,Marketplace
ORD100638,2025-04-05,Customer_1527,South,Sports,Monitor,13.0,85970.57,1117617.41,Small Business,Cash,Online
ORD100572,2024-08-06,Customer_4365,South,Sports,Chair,5.0,87622.91,438114.55,Corporate,UPI,Store
ORD100918,2025-10-15,Customer_2524,East,Sports,Desk,3.0,22692.09,68076.27,Corporate,Debit Card,Marketplace
ORD100977,2024-03-17,Customer_7437,South,Electronics,Monitor,2.0,16968.54,33937.08,Small Business,Cash,Store
ORD101629,2025-03-05,Customer_9921,Central,Sports,Laptop,9.0,93067.62,837608.58,Corporate,Debit Card,
ORD101469,2025-01-01,Customer_1130,West,Clothing,Mobile,1.0,72199.98,72199.98,,Net Banking,Online
ORD101592,2024-04-27,Customer_8552,Central,Grocery,Shoes,,20788.78,207887.8,Corporate,Cash,Store
ORD101318,2024-04-09,Customer_7291,Central,Electronics,Monitor,3.0,67770.99,203312.97,Consumer,CASH,Store
ORD101845,2025-11-25,,South,Grocery,Mobile,2.0,12525.84,25051.68,Consumer,Net Banking,Marketplace
ORD100137,2025-10-04,Customer_8273,North,Electronics,Mobile,5.0,72216.57,361082.85,Consumer,Cash,Store
ORD100459,2024-06-07,Customer_3587,South,Sports,Headphones,,1680.53,16805.3,Corporate,Credit Card,Marketplace
ORD100376,2024-09-28,Customer_9589,West,Clothing,Backpack,1.0,47721.88,47721.88,Small Business,UPI,Marketplace
ORD101343,2024-10-29,Customer_2163,North,Electronics,Laptop,5.0,45900.8,229504.0,Small Business, Credit Card,Online
ORD100334,2025-09-01,Customer_6990,Central,Beauty,Laptop,1.0,31879.34,31879.34,Small Business,Debit Card,Store
ORD101160,2025-07-19,Customer_2854,East,Electronics,Laptop,5.0,47481.41,237407.05,Consumer,UPI,Store
ORD101761,2025-07-31,Customer_6221,West,Grocery,Shirt,1.0,35325.0,35325.0,Consumer,Credit Card,Marketplace
ORD101458,2024-10-10,Customer_4656,East,Sports,Laptop,11.0,23541.88,258960.68,Small Business ,Cash,Store
ORD100817,2025-08-29,Customer_7502,East,Beauty,Mobile,8.0,73577.01,588616.08,Small Business,Net Banking,Marketplace
ORD101115,2025-07-19,,East,Electronics,Headphones,10.0,25305.49,253054.9,Corporate,Net Banking,
ORD101006,2024-06-01,Customer_1602,Central,Furniture,Keyboard,10.0,97348.39,973483.9,Consumer,Debit Card,Store
ORD101857,2024-12-24,Customer_3832,North,Sports,Desk,11.0,48278.21,531060.31,Corporate,UPI,Marketplace
ORD100812,2025-09-22,Customer_4144,North,Beauty,Keyboard,14.0,21063.22,294885.08,Consumer,UPI,Marketplace
ORD101851,2024-06-02,Customer_1568,South,Clothing,LAPTOP,11.0,50158.68,551745.48,Consumer,Credit Card,Marketplace
ORD100911,2024-10-07,Customer_8353,West,Electronics,Monitor,11.0,98053.63,1078589.93,Corporate,Cash,Online
ORD101355,2024-04-02,Customer_2195,South,sports,Shoes,13.0,75486.66,981326.58,Corporate,Cash,Store
ORD101126,2025-06-05,Customer_9022,West,Electronics,Mobile,13.0,8312.49,108062.37,Consumer,Net Banking,Marketplace
ORD100329,2024-02-28,Customer_3108,east,Electronics,Chair,9.0,66730.45,600574.05,Small Business,Credit Card,Store
ORD101248,2024-06-28,Customer_2631,South,Clothing,Shoes,14.0,38485.54,538797.56,Small Business,Credit Card,Store
ORD100319,2025-07-09,Customer_1838,Central,Sports,Monitor,9.0,24490.31,220412.79,Consumer,Net Banking,Marketplace
ORD101690,2025-12-21,Customer_2817,East,Beauty,Monitor,5.0,80494.84,402474.2,Corporate,Credit Card,Online
ORD101359,2025-07-03,Customer_5295,South,Electronics,Desk,4.0,52292.17,209168.68,Consumer,Credit Card,Online
ORD101733,2024-08-14,Customer_5345,East,Furniture,Shoes,8.0,56376.13,451009.04,Small Business,Credit Card,Online
ORD100168,2024-04-18,Customer_6692,South,Sports,Monitor,7.0,89632.51,627427.57,Consumer,Net Banking,Store
ORD100013,2025-03-08,Customer_9189,North,Grocery,Shoes,11.0,73417.6,807593.6,Corporate,UPI,Store
ORD101023,2024-10-05,Customer_9366,North,Grocery,Shirt,11.0,71935.84,791294.24,Consumer,UPI,Store
ORD100172,2025-06-03,Customer_5914,West,Sports,Backpack,9.0,29953.71,269583.39,Consumer,Net Banking,Marketplace
ORD100650,2025-12-31,Customer_7590,North,Beauty,Headphones,8.0,,625111.44,Corporate,UPI,Store
ORD101062,2024-11-24,Customer_4996,North,Grocery,Shoes,14.0,16991.2,237876.8,Small Business,Net Banking,Store
ORD100261,2025-03-09,Customer_6121,Central,Sports,Keyboard,1.0,33155.85,33155.85,CONSUMER,Debit Card,Store
ORD101367,2025-01-25,Customer_7806,West,Grocery,Desk,4.0,45652.33,182609.32,Small Business,Net Banking,Online
ORD101549,2025-11-12,,South,Furniture ,Shoes,13.0,10076.7,130997.1,consumer,Net Banking,Store
ORD100902,2024-10-30,Customer_6050,East,Sports,Mobile,6.0,94708.9,568253.4,Consumer,Credit Card,Online
ORD100673,2024-03-04,Customer_9120,West,Furniture,Mobile,4.0,97077.92,388311.68,Small Business,Credit Card,Online
ORD100259,2025-03-17,Customer_6573,East,Clothing,Monitor,1.0,88382.6,88382.6,Consumer,,Online
ORD100845,2024-01-11,Customer_5441,West,,Desk,6.0,85287.53,511725.18,Consumer,Debit Card,Marketplace
ORD100868,2025-11-10,Customer_6666,Central,Furniture,Chair,12.0,3725.13,44701.56,Consumer,UPI,Online
,2025-08-17,Customer_5825,East,Beauty,Keyboard,3.0,38130.9,114392.7,Corporate,Credit Card,Store
ORD100139,2025-11-27,Customer_3255,Central,Clothing,Shirt,7.0,75730.22,530111.54,Corporate,CASH,Store
ORD100894,2025-05-10,Customer_7225,South,Sports,Mobile,14.0,62480.1,874721.4,Consumer,Cash,Marketplace
ORD101838,2025-10-08,Customer_7782,Central,Sports,Mobile,13.0,31267.2,406473.6,Small Business,debit card,Marketplace
ORD100550,2025-11-11,Customer_8714,Central,Electronics,Monitor,1.0,57346.84,57346.84,Small Business,UPI,Online
ORD100320,2024-03-03,Customer_4189,North,Sports,Keyboard,9.0,83104.63,747941.67,Corporate,Net Banking,Marketplace
ORD101527,2025-06-01,Customer_4827,North,Furniture,Monitor,3.0,37179.05,,Small Business,Debit Card,Marketplace
ORD101806,2024-07-11,Customer_3798,South,Clothing,Shirt,2.0,26957.79,,Consumer,UPI,Store
ORD101178,2025-11-10,Customer_2425,Central,Furniture,Mobile,4.0,87998.28,,Consumer,Net Banking,Online
ORD100559,2024-01-01,Customer_2279,South,Sports,Shoes,13.0,31821.39,413678.07,Small Business,Credit Card,Online
ORD100140,,Customer_9674,Central,Sports,Mobile,10.0,95269.6,952696.0,Consumer,Cash,Marketplace
ORD101735,2024-06-21,Customer_5088,Central,Electronics,Headphones,1.0,32701.21,32701.21,Corporate,Net Banking,Store
ORD100532,2024-12-04,Customer_8625,North,Grocery,Backpack,10.0,57501.28,575012.8,Consumer,Net Banking,Online
ORD100225,2024-01-22,Customer_3050,East,Clothing,Shirt,13.0,79316.31,1031112.03,Corporate,NET BANKING,Online
ORD100724,2024-08-04,Customer_4974,North,Sports,DESK,12.0,63643.47,763721.64,Corporate,UPI,Marketplace
ORD100787,2024-02-12,Customer_9285,South,Beauty,Shoes,6.0,66337.9,398027.4,Small Business,Net Banking,Marketplace
ORD101718,2025-04-16,Customer_6213,East,Furniture,,3.0,41618.83,124856.49,Corporate,Debit Card,Online
ORD101008,2024-05-25,Customer_9796,South,Beauty,Shirt,,29719.33,,Corporate,Net Banking,Online
ORD100410,2025-10-11,Customer_4150,North,Furniture,Headphones,5.0,79361.39,396806.95,Consumer,UPI, Store
ORD100326,2025-05-29,Customer_8378,South,Beauty,Monitor,7.0,60100.89,420706.23,Consumer,Credit Card,Online
ORD101766,2025-10-20,Customer_3787,North,Beauty,Chair,12.0,29073.92,,Small Business,Cash,Marketplace
ORD100300,2024-03-01,,East,Electronics,Backpack,12.0,52220.83,626649.96,Corporate,Cash,Online
ORD101263,2024-09-18,Customer_6905,North,Grocery,Keyboard,3.0,76214.49,228643.47,Consumer,Debit Card,Marketplace
ORD100304,2025-02-03,Customer_5609,Central,Clothing,Backpack,10.0,13358.19,133581.9,Corporate,Cash,Online
ORD100026,2025-07-12,Customer_2402,North,Beauty,Shoes,6.0,96135.4,576812.4,Consumer,UPI,Store
ORD101859,2025-11-02,Customer_4471,West,Clothing,Shirt,14.0,96155.18,1346172.52,Small Business,Credit Card ,Marketplace
ORD100715,2025-10-20,Customer_8854,East,Electronics,Shirt,7.0,67630.63,473414.41,Consumer,,Marketplace
ORD101010,2024-03-02,Customer_2791,,Electronics,Shirt,1.0,11163.77,11163.77,Small Business, Debit Card,Store
ORD100194,2025-05-12,Customer_7730,West,Clothing,Shirt,3.0,74453.48,223360.44,Consumer,Credit Card,Marketplace
ORD100441,2025-07-19,Customer_5442,East,Clothing,Headphones,1.0,86939.04,86939.04,Small Business,Debit Card,Store
ORD100574,2025-04-29,Customer_2489,East,Grocery,Shirt,9.0,85159.72,766437.48, Small Business,Debit Card,Marketplace
ORD100947,2024-05-01,Customer_5040,West,Sports,Chair,,75097.88,1051370.32,,Cash,Online
ORD100998,2025-08-26,Customer_2211,Central,Electronics,Keyboard,14.0,65647.79,919069.06,Corporate,Cash,Online
ORD100504,2024-09-28,Customer_4164,North,Electronics,Chair,1.0,12070.92,12070.92,Consumer,Cash,Marketplace
ORD100606,2024-09-06,Customer_7135,East,Grocery,Shoes,10.0,35488.2,354882.0,Corporate,Cash,Marketplace
ORD101717,2025-09-24,Customer_3983,South,Sports,Keyboard,3.0,57426.74,172280.22,Corporate,Debit Card,Marketplace
ORD101164,2024-11-25,Customer_7010,south,Furniture,Mobile,4.0,5044.74,20178.96,Consumer,Cash,Marketplace
ORD101787,2025-04-07,Customer_5612,South,Clothing,Backpack,10.0,61002.14,610021.4,Consumer,Debit Card,Store
ORD100847,2024-07-14,Customer_2218,Central,Clothing,,7.0,37753.73,264276.11,Consumer,UPI,Online
ORD100004,2024-10-08,Customer_4893,North,Furniture,Chair,11.0,99148.39,1090632.29,Small Business,Cash,Store
ORD101287,2025-01-25,Customer_7919,Central,grocery,Laptop,13.0,92571.17,1203425.21,Small Business,Debit Card,Marketplace
ORD101223,2025-03-20,Customer_7046,East,Electronics,Laptop,3.0,63823.92,191471.76,Consumer,UPI,Marketplace
ORD100468,2025-11-16,Customer_2465,Central,Furniture,Monitor,10.0,,596155.0,Corporate,Credit Card,Online
ORD100322,2024-02-28,Customer_5728,South,Furniture,Mobile,7.0,76875.08,538125.56,Small Business,Credit Card, Marketplace
ORD100006,,Customer_2996,Central,Sports,Headphones,13.0,88302.34,1147930.42,Small Business,Net Banking,Store
ORD100223,2024-03-06,Customer_4216, South,Electronics,Desk,9.0,60658.25,545924.25,Corporate,Cash,Online
ORD101375,2025-09-26,Customer_2369,Central,Electronics,Desk,10.0,416.47,4164.7,Consumer,Net Banking,Marketplace
,2024-07-15,Customer_7813,Central,Grocery,Chair,12.0,22439.08,269268.96,Small Business,UPI,Online
ORD100229,2025-08-25,Customer_9234,North,Electronics,Backpack,6.0,35979.19,215875.14,Corporate,Debit Card,Marketplace
ORD100040,2024-12-10,Customer_5155,Central,Electronics,,10.0,56028.45,560284.5,Consumer,Cash,Online
ORD100543,2025-02-16,Customer_3188,West,Sports,Laptop,10.0,21277.05,212770.5,Corporate,UPI,Marketplace
ORD100243,2024-10-12,Customer_9938,West,Furniture,Desk,9.0,9829.6,88466.4,Corporate,Net Banking,Marketplace
ORD100899,2024-10-16,Customer_2745,Central,Furniture,Keyboard,,19199.95,134399.65,Consumer,Net Banking,Store
ORD101134,2025-07-18,Customer_1157,West,Electronics,Shoes,2.0,44580.09,89160.18,Consumer,Net Banking,
ORD101449,2025-07-21,Customer_7819,East,Furniture,Laptop,,18865.5,132058.5,Consumer,Credit Card,Marketplace
ORD101869,2025-01-20,Customer_6238,East,Furniture,Headphones,8.0,50201.39,401611.12,Consumer,Credit Card,Marketplace
ORD100843,2024-10-09,Customer_4463,Central,Furniture,Chair,5.0,78279.94,391399.7,Small Business,UPI,Online
ORD101419,2025-03-30,Customer_2262,West,Beauty,Shoes,5.0,54958.12,274790.6,Small Business,Net Banking,Marketplace
ORD101654,2024-10-06,Customer_4594,South,Beauty,Backpack,5.0,65945.47,329727.35,Consumer,Debit Card,
ORD100219,2025-04-07,Customer_9501,South,Grocery,Keyboard,1.0,51448.19,51448.19,Corporate,net banking,Marketplace
ORD100662,,Customer_4881,North,Clothing,Headphones,5.0,4878.3,24391.5,Corporate,Debit Card,Marketplace
ORD101211,2025-10-03,Customer_7434,North,Sports,Chair,1.0,32176.0,32176.0,Corporate,Credit Card,Store
ORD100315,2024-10-30,Customer_7606,East,Clothing,Headphones,8.0,66197.07,529576.56,Corporate,Credit Card,
ORD100692,2025-05-14,Customer_1944,East, Grocery,Keyboard,13.0,7018.51,91240.63,Consumer,,Store
ORD101504,2024-04-20,Customer_4792,South,Furniture,Mobile,13.0,18362.44,238711.72,Corporate,Debit Card,Store
ORD100425,2024-09-25,Customer_9899,South,Clothing,Shirt,3.0,17559.87,52679.61,Corporate,Cash,Store
ORD100595,2025-09-17,Customer_2044,East,Grocery,Mobile,7.0,63355.64,443489.48,Corporate,Cash,Marketplace
ORD101900,2024-02-08,Customer_3356,North,Electronics,Backpack,12.0,78548.35,942580.2,Corporate,Credit Card,Marketplace
ORD100623,2024-05-16,Customer_1372,West,Sports,Headphones,12.0,19965.74,239588.88,Consumer,UPI,Online
ORD101171,2025-02-24,Customer_2677,West,Sports,Laptop,7.0,39740.01,278180.07,Consumer,Net Banking,Online
ORD101044,2025-08-13,Customer_8460,North,Beauty,Keyboard,3.0,7359.82,22079.46,Corporate,Credit Card,Marketplace
ORD100228,2024-08-23,Customer_2530,North,Grocery,Headphones,7.0,28457.07,199199.49,Small Business,Cash,Online
ORD101118,2024-08-18,Customer_3258,,Electronics,Shirt,1.0,73782.82,73782.82,Corporate,Credit Card,Store
ORD101332,2024-06-28,Customer_9348,,Sports,Laptop,1.0,79272.89,79272.89,Small Business,Net Banking,Store
,2024-05-20,Customer_3293,East,Clothing, Shoes,3.0,17799.38,53398.14,Small Business,Cash,Store
ORD100067,2024-10-23,Customer_6080,East,Sports,Keyboard,5.0,64792.61,323963.05,Corporate,,Store
ORD100025,2025-12-19,Customer_4068,South,Beauty,Headphones,14.0,88175.55,1234457.7,Consumer,Cash,Online
ORD100145,2025-09-02,Customer_5089,East,Furniture,Shoes,8.0,10368.96,82951.68,Small Business, Net Banking,Online
ORD100537,2024-11-03,,South,Clothing,Chair,3.0,54019.29,162057.87,Consumer,Net Banking,Store
ORD100812,2025-09-22,Customer_4144,North,Beauty,Keyboard,14.0,21063.22,294885.08,Consumer,UPI,Marketplace
ORD101467,2024-05-14,Customer_2415,South,Beauty,Monitor,8.0,88211.02,705688.16,Small Business,UPI,Online
ORD100086,2025-09-15,Customer_6554,West,,Chair,6.0,23082.36,138494.16,Small Business,Cash,Online
ORD101661,2024-10-17,Customer_6878,South,Sports,Keyboard,10.0,21989.84,219898.4,Small Business,Debit Card,Online
ORD101646,2024-10-05,Customer_4813,North,Furniture,Chair,2.0,86409.76,172819.52,CORPORATE,Cash,Store
ORD101805,2025-10-29,Customer_4390,South,SPORTS,Chair,13.0,51807.87,673502.31,Corporate,Credit Card,Marketplace
ORD101818,2025-10-23,Customer_7349,South,Clothing,Backpack,3.0,44936.48,134809.44,Consumer,Debit Card,Marketplace
ORD101577,2025-09-06,Customer_4246,South,Sports,Shoes,1.0,33276.73,33276.73,Consumer,Debit Card,Online
ORD101145,2025-06-03,Customer_9006,North,Beauty,Shoes,5.0,98385.65,491928.25,Consumer,Credit Card,Store
ORD100363,2024-11-03,Customer_1272,Central,Sports,Mobile,9.0,16927.59,152348.31,Corporate,Cash,Marketplace
ORD101612,2024-11-12,Customer_9173, Central,Clothing,Laptop,8.0,89617.9,716943.2,Consumer,UPI,Online
ORD101866,2024-03-27,Customer_4308,South,Furniture,Laptop,5.0,62540.42,312702.1,Corporate,Cash,Online
ORD101027,2025-03-24,Customer_7129,East,Electronics,Shoes,7.0,19206.92,,Small Business,Cash,Marketplace
ORD101031,2025-03-18,Customer_3469,South,Grocery,Keyboard,4.0,73833.11,295332.44,Small Business,Debit Card,Store
ORD101304,2024-10-20,Customer_9691,East,Beauty,Shirt,1.0,3190.67,3190.67,Consumer,UPI,Store
ORD101356,,Customer_1273,East,Electronics,,8.0,49243.92,393951.36,Consumer,Cash,Store
ORD101731,2024-11-13,Customer_8317,South,Beauty,Shoes,9.0,43194.93,388754.37,Consumer,Credit Card,Online
ORD100666,2024-03-06,Customer_4621,West,Grocery,Shoes,13.0,80232.84,1043026.92,Small Business,Debit Card,Store
ORD100365,2024-11-19,Customer_6427,South,Sports,Monitor,9.0,75958.5,683626.5,Corporate,Net Banking,marketplace
ORD100078,2024-12-29,Customer_6438,North,Grocery,Headphones,,94435.93,94435.93, Consumer,Debit Card,Marketplace
ORD100028,2024-08-13,Customer_6908,West,Furniture,Backpack,12.0,87919.24,1055030.88,Consumer,UPI,Marketplace
ORD101437,2024-08-05,Customer_5006,North,Grocery,Headphones,4.0,29322.26,117289.04,Consumer,Credit Card,Store
ORD100526,2025-11-17,Customer_1187,North,Furniture,Monitor,7.0,82546.08,577822.56,Consumer,Net Banking,Online
ORD101835,2025-11-26,Customer_2404,East,Sports,Headphones,13.0,67138.42,872799.46,Consumer,Debit Card,Marketplace
ORD100056,2024-10-27,Customer_3986,East,Sports,Mobile,9.0,94735.06,852615.54,Consumer,Cash,Online
ORD100639,2024-09-22,Customer_7868,East,Electronics,Headphones,13.0,39300.13,510901.69,Small Business,NET BANKING,Store
ORD100303,2024-01-03,Customer_1828,Central,Beauty ,,3.0,12661.58,37984.74,Consumer,Cash,Online
ORD100719,2024-07-05,Customer_1251,West,Furniture,Monitor,3.0,67178.35,201535.05,Corporate,UPI,Marketplace
ORD100625,,Customer_8585,South,Grocery,CHAIR,1.0,4359.06,4359.06,Small Business ,Credit Card,Marketplace
ORD100008,2024-04-14,Customer_4906,Central,Beauty,Mobile,7.0,90660.72,634625.04,Small Business,Credit Card,
ORD100804,2025-04-15,Customer_9228,West,Clothing,Monitor,8.0,60254.35,482034.8,Small Business,Credit Card,Store
ORD101050,2025-03-28,Customer_2599,,Grocery,Chair,13.0,6943.69,90267.97,Small Business,Credit Card,Online
ORD100337,2024-08-28,Customer_9341,West,Clothing ,Laptop,5.0,75267.53,376337.65,Consumer,Credit Card,Online
ORD100048,2024-09-27,Customer_3185,East,Beauty,Chair,7.0,43280.85,302965.95,,Credit Card,Marketplace
ORD101764,2025-11-28,Customer_2215,South,Clothing,,7.0,46383.04,324681.28,Consumer,UPI ,Marketplace
ORD100107,2024-03-08,Customer_7981,South,Beauty,Monitor,13.0,16008.65,208112.45,Corporate,,Online
ORD100350,2025-08-01,Customer_3290,West,Electronics,Headphones,1.0,29757.24,29757.24,Small Business,UPI,Store
ORD101080,2024-04-28,Customer_1072,Central,Grocery,Monitor,1.0,83962.14,83962.14,Consumer,Debit Card, Online
ORD100239,2024-12-04,Customer_4453,South,Clothing,Headphones,8.0,51310.26,410482.08,Consumer,Credit Card,Marketplace
ORD100214,2025-11-18,Customer_3697,Central,Beauty,Keyboard,12.0,62913.61,754963.32,Small Business,UPI,Marketplace
ORD101776,2025-03-28,Customer_3703,East,Furniture,Laptop,6.0,20437.48,122624.88,Consumer,Cash,Store
ORD101139,2025-06-04,Customer_9281,East,Furniture,Chair,8.0,23495.03,187960.24,Consumer,UPI,Store
ORD100794,2025-06-02,Customer_1108,North,Clothing,Backpack,14.0,40292.48,564094.72,Consumer,UPI,Online
ORD101587,2024-08-17,Customer_3110,North,Beauty,Monitor,2.0,67590.45,135180.9,Consumer,Credit Card,Marketplace
ORD101583,2024-08-05,Customer_1357,East,Furniture,Desk,4.0,56852.44,227409.76,Small Business,Net Banking,Online
ORD101672,2025-09-05,Customer_2478,East,Grocery,Desk,9.0,39581.07,356229.63,Corporate,Debit Card,Online
ORD100524,2025-07-05,Customer_6400,West,Clothing,Laptop,14.0,23981.63,335742.82,Consumer,Debit Card,Store
ORD100233,2025-12-25,Customer_6531,South,Clothing,Shoes,14.0,23655.63,331178.82,Corporate,Debit Card,Online
ORD100645,2025-10-03,Customer_1550,East,Electronics,Shoes,2.0,80907.46,161814.92,Small Business,Debit Card,Store
ORD101508,2024-03-16,Customer_8511,North,Sports,Keyboard,2.0,94403.83,188807.66, Consumer,UPI,Online
ORD100534,2024-11-17,Customer_3616,East,Electronics,Keyboard,3.0,39165.17,117495.51,Small Business,Cash,Marketplace
ORD101364,2025-11-19,Customer_9300,East,Grocery,,3.0,36290.58,108871.74,Small Business,Net Banking,marketplace
ORD100604,2025-05-21,Customer_3218,west,Grocery,Backpack,10.0,40539.36,405393.6,Corporate,Cash,Marketplace
ORD101330,2024-11-30,Customer_4366,South,Furniture,Backpack,6.0,30118.89,180713.34,Corporate,UPI,Marketplace
ORD101075,2025-04-10,Customer_1478,East,Furniture,Headphones,1.0,12832.65,12832.65,Small Business,Cash,Store
ORD101305,2024-08-23,Customer_1138,West,Furniture,Mobile,7.0,97077.14,679539.98,Corporate,UPI,Marketplace
ORD100061,2024-07-15,Customer_5807,South,Furniture,Desk,12.0,5886.25,70635.0,Consumer,Debit Card,Online
ORD101264,2025-11-13,Customer_5102,West,,Chair,1.0,94669.78,94669.78,Consumer,cash,Store
ORD100093,2025-01-23,Customer_2353,Central,Electronics,Mobile,12.0,85750.27,1029003.24,Small Business,Debit Card,Marketplace
ORD100667,2025-02-28,Customer_7775,North,Grocery,Monitor,8.0,10626.22,85009.76,Consumer,Debit Card,Marketplace
ORD100281,2024-10-12,Customer_7850,West,Clothing,Shirt,8.0,98670.63,789365.04,Consumer,Cash,Store
ORD101114,2024-01-15,Customer_3316,Central,Beauty,Backpack,12.0,,790999.44,Consumer,UPI,Marketplace
ORD100360,2024-05-14,Customer_9025,Central,Clothing,Headphones,14.0,44497.5,622965.0,,Debit Card,Store
ORD101129,2025-03-01,,North,Grocery,Monitor,4.0,13838.63,55354.52,Consumer,Credit Card,
ORD101170,2024-08-27,Customer_7965,North,Furniture,Backpack,8.0,21929.13,175433.04,Corporate,Debit Card,Online
ORD100848,2024-03-28,Customer_5593,West,Electronics,Monitor,9.0,,416043.99,Small Business,Debit Card,Store
ORD101522,2025-01-25,Customer_7438,East,Electronics,Shirt,1.0,85909.77,,Corporate,Net Banking,Marketplace
ORD100111,2024-08-05,Customer_8325,West,Clothing,Shoes,10.0,45423.99,454239.9,Corporate,Cash,Online
ORD100043,2025-01-24,Customer_2106,South,Grocery,Mobile,14.0,1006.33,14088.62,Small Business,UPI,Marketplace
ORD100126,2025-08-20,Customer_3068,north,Electronics,Headphones,12.0,16166.46,193997.52,Consumer,Debit Card,STORE
ORD100205,2025-09-13,Customer_3981,North,electronics,Shirt,12.0,40385.81,484629.72,Consumer,Cash,Store
ORD100053,,Customer_3868,North,Beauty,Shirt,3.0,78901.82,236705.46,Corporate,Credit Card,Marketplace
ORD100546,2025-07-21,Customer_8454,South,Sports,Laptop,7.0,2387.09,16709.63,Small Business,Credit Card,Marketplace
ORD100069,2024-08-26,Customer_7524,Central,Sports,Keyboard,4.0,38422.86,153691.44,Corporate,Net Banking,
ORD101741,2025-06-06,Customer_1788,Central,Grocery,Mobile,9.0,40154.08,361386.72,Consumer,UPI,Store
ORD101548,2024-11-16,Customer_2481,West,Clothing,Shirt,11.0,54426.19,598688.09,consumer,Debit Card,Online
ORD100184,2024-01-20,Customer_6912,West,Clothing,Shirt,5.0,4171.34,20856.7,Consumer,Net Banking,Online
ORD100138,2024-06-12,Customer_2259,West,Furniture,Mobile,10.0,65732.69,657326.9,Consumer,Cash,Store
ORD100900,2024-04-12,Customer_2499,Central,Beauty,Laptop,8.0,33892.48,271139.84,Small Business,Cash,Store
ORD100797,2024-01-13,Customer_1194,Central,Electronics,Laptop,13.0,72368.14,940785.82,Consumer,Credit Card,Store
ORD100133,2024-04-03,Customer_3513,south,Furniture,Desk,3.0,46513.4,139540.2,Consumer,UPI,Store
ORD100081,2024-09-30,Customer_7029,,Clothing,,8.0,52749.71,421997.68,Corporate,Cash,Online
ORD101010,2024-03-02,Customer_2791,central,Electronics,Shirt,1.0,11163.77,11163.77,Small Business, Debit Card,Store
ORD101541,2024-12-13,Customer_6870,,Sports,Keyboard,8.0,46868.6,374948.8,Small Business,UPI,Store
ORD100542,2024-11-30,Customer_4590,East,Clothing,Monitor,5.0,14213.68,71068.4,Corporate,UPI,marketplace
ORD101669,2024-02-16,Customer_3876,West,Beauty,Keyboard,2.0,73239.05,146478.1,Consumer,Cash,Store
ORD100984,2025-04-26,Customer_8563,North,Grocery,Headphones,6.0,31384.88,188309.28,Small Business,Cash,Online
ORD100166,2024-07-01,Customer_2438,Central,Sports,Desk,5.0,95159.84,475799.2,Consumer,Credit Card,Store
ORD100249,2025-08-07,Customer_5873,,Sports,Backpack,4.0,65247.11,260988.44,Corporate,Credit Card,Online
ORD100447,2025-01-08,Customer_1831,Central,Electronics,Desk,10.0,20698.0,206980.0,Corporate,UPI,Store
ORD101515,2024-10-08,Customer_2020,South,Furniture,Backpack,12.0,38573.5,462882.0,Small Business,Debit Card,Online
ORD100859,2025-04-03,Customer_3661,South,Beauty,Desk,10.0,5822.3,58223.0,Corporate,Debit Card,Store
ORD101212,2025-05-14,Customer_9019,East,Electronics,Chair,12.0,75010.09,900121.08,Corporate,Cash,
ORD100098,2024-08-12,Customer_9937,North,Furniture,Backpack,14.0,32142.2,449990.8,Consumer,UPI,Marketplace
ORD100719,2024-07-05,Customer_1251,West,Furniture,Monitor,3.0,67178.35,201535.05,Corporate,UPI,Marketplace
ORD100738,2024-08-17,Customer_9147,Central,Furniture,Monitor,7.0,9277.9,64945.3,Consumer,Net Banking,Store
ORD101256,2025-08-20,Customer_8009,,Electronics,Desk,5.0,2839.29,14196.45,Corporate,Cash,Marketplace
ORD100103,2024-02-02,Customer_6372,North,Electronics,Keyboard,9.0,71520.91,643688.19,Corporate,Debit Card,Marketplace
ORD100435,2025-12-08,Customer_8247,West,Clothing,Shoes,12.0,80972.04,971664.48,,Credit Card,Marketplace
ORD100075,2025-01-08,Customer_5687,Central,Grocery,Headphones,8.0,202.85,1622.8,Small Business,Cash,Store
ORD101792,2024-03-19,Customer_7437,South,Electronics,Mobile,5.0,12623.11,63115.55,Small Business,UPI,Marketplace
ORD101235,2024-02-27,Customer_8039,South,Furniture,Laptop,8.0,80821.46,646571.68,Small Business,Cash,STORE
ORD100919,2025-05-17,Customer_6315,South,Electronics,Monitor,1.0,84707.18,84707.18,Consumer,Net Banking,Online
ORD101712,2024-04-27,Customer_3086,SOUTH,Grocery,Mobile,8.0,44492.1,355936.8,Small Business,CREDIT CARD,Marketplace
ORD101671,2025-02-08,Customer_1621,Central,Clothing,Monitor,,69861.28,908196.64,Corporate,UPI,Store
ORD101621,2024-03-12,Customer_4267,South,Clothing,Keyboard,2.0,81005.03,162010.06,Corporate,Net Banking,Store
ORD100763,2024-04-27,Customer_9005,East,Clothing,Keyboard,11.0,74260.57,816866.27,Consumer,UPI,
,2024-10-16,Customer_9180,North,Sports,Shoes,3.0,32034.72,96104.16,Consumer,,Online
ORD100389,2025-10-31,Customer_4340,North,Clothing,Shoes,11.0,19795.7,217752.7,Small Business,Credit Card,Marketplace
,2024-08-22,Customer_2330,North,Electronics,Desk,3.0,60225.35,180676.05,Corporate,Credit Card,Online
ORD101507,2025-03-30,Customer_7102,Central,Furniture,Monitor,3.0,67643.21,202929.63,Corporate,Debit Card,Store
ORD100268,2024-04-10,Customer_2739,West,Furniture,Chair,1.0,25327.53,25327.53,,Debit Card,Marketplace
ORD101188,2025-03-26,Customer_4390,South,Sports,KEYBOARD,1.0,88237.63,88237.63,Corporate,Debit Card,Marketplace
ORD100118,2024-09-28,Customer_7655,,Beauty,,13.0,18627.34,242155.42,Small Business,Debit Card,Store
ORD101607,2024-09-30,Customer_8307,East,Sports,Monitor,3.0,56173.22,168519.66,Small Business,UPI,Store
ORD100674,2024-07-30,Customer_1768,Central,Furniture, Shirt,10.0,94237.31,942373.1,Corporate,Debit Card,Online
,2025-08-13,Customer_8430,East,Beauty,Desk,12.0,31283.59,375403.08,Small Business,Cash,Store
ORD101453,2024-08-26,Customer_7108,Central,Sports,Desk,,82161.06,903771.66,Small Business,Credit Card,Online
ORD100878,2024-12-26,Customer_5478,Central,Beauty,Keyboard,4.0,85323.65,341294.6,Small Business,Credit Card,Online
,2025-10-17,Customer_2293,South,Sports,Monitor,,76033.4,760334.0,Corporate,Net Banking,Marketplace
ORD100034,2025-12-15,Customer_1333,East,beauty,Monitor,13.0,,723613.28,Consumer,Credit Card,Online
ORD101464,2024-04-22,Customer_5625,South,Clothing,Backpack,4.0,72093.45,288373.8,Corporate,Debit Card ,Marketplace
ORD101668,2024-11-11,Customer_6063,Central,Furniture,Chair,8.0,82956.22,663649.76,Consumer,Credit Card, Store
ORD100449,2025-01-01,Customer_4697,East, Furniture,Shirt,8.0,25762.7,206101.6,Corporate,Credit Card,Store
ORD100717,2024-05-18,Customer_6455,South,Grocery,Backpack,14.0,1370.22,19183.08,Consumer,Credit Card,Marketplace
ORD101810,2025-05-28,Customer_2892,West,Clothing,Shoes,3.0,94925.94,284777.82,Small Business,Net Banking,Store
ORD101518,2025-08-22,Customer_4879,West,Grocery,Desk,14.0,11186.65,156613.1,Consumer,UPI,Store
ORD100001,2025-10-16,Customer_7934,Central,Electronics,Keyboard,,96215.99,673511.93,Corporate,Debit Card,Store
ORD101376,2025-07-28,Customer_6077,Central,Beauty,Laptop,8.0,64055.81,512446.48,,Credit Card,Marketplace
ORD101102,2025-03-24,,West,Grocery,Keyboard,14.0,87738.45,1228338.3,Small Business,Net Banking,Marketplace
ORD101109,2024-09-02,Customer_4908,East,Electronics,Shirt,3.0,28600.5,85801.5,Small Business,Debit Card,Store
ORD101227,2024-04-12,Customer_1040,West,Sports,,8.0,99127.2,793017.6,Small Business,Cash,Store
ORD100083,2025-11-30,Customer_7553,West,Electronics,Chair,2.0,29907.61,59815.22,Corporate,Cash,Online
ORD101289,2025-01-02,Customer_8826,Central,,Monitor,9.0,39603.88,356434.92,Consumer,Debit Card,Online
ORD100677,2025-08-21,Customer_9592,East,Clothing,Mobile,8.0,41271.88,330175.04,Corporate,Cash,Online
ORD100548,2024-07-15,Customer_7813,Central,Grocery,Chair,12.0,22439.08,269268.96,Small Business,UPI,Online
ORD101047,2025-04-26,Customer_8912,West,Sports ,Shoes,2.0,86652.01,173304.02,Small Business,Debit Card,Online
ORD100771,2025-11-24,,Central,Beauty,Laptop,8.0,84012.4,,small business,Net Banking,Online
ORD100201,2025-07-16,Customer_8632,West,Clothing,Shoes,9.0,33298.23,299684.07,Corporate,,Store
ORD101281,2024-11-05,Customer_9510,North, Furniture,Laptop,11.0,22925.83,252184.13,Corporate,Cash,Store
ORD101581,2025-08-14,Customer_5240,West,CLOTHING,Laptop,13.0,64221.81,834883.53,Corporate,UPI,Marketplace
ORD101489,2025-05-30,Customer_6488,,Beauty,Headphones,1.0,90729.26,90729.26,Small Business,Net Banking,Marketplace
ORD100405,2025-09-11,Customer_6608,East,Clothing,Backpack,,12409.94,62049.7,Consumer,UPI,Marketplace
ORD101728,2025-06-20,Customer_3750,,Clothing,Monitor,10.0,14902.98,149029.8,Consumer,Credit Card,Online
ORD101299,2025-08-02,Customer_3246,Central,Furniture,Laptop,1.0,99486.31,99486.31,Consumer,Cash,Store
ORD101341,2024-09-20,Customer_4949,Central,Grocery,Mobile,2.0,59952.15,119904.3,Consumer,Cash,Store
ORD100105,2025-02-14,Customer_6021,West,Grocery,Headphones,8.0,47206.09,377648.72,Corporate,UPI,Store
ORD100689,2025-07-13,Customer_5927,Central,Beauty,Keyboard,12.0,1141.73,13700.76,Consumer,Cash,Marketplace
ORD101306,2025-09-13,Customer_3688,Central,Beauty,Headphones,2.0,77376.54,154753.08,Consumer,Net Banking,Store
ORD100827,2025-09-16,Customer_2531,North,Furniture,Monitor,5.0,49667.02,248335.1,Small Business,Debit Card,Marketplace
ORD100063,2024-03-12,Customer_1717,South,Sports,Monitor,2.0,85256.22,170512.44,Corporate,UPI,Marketplace
ORD100853,2024-09-03,Customer_1256,Central,Furniture,Backpack,6.0,63153.95,378923.7,Consumer,UPI,
ORD101354,2025-01-09,Customer_8717,South,Furniture,Monitor,8.0,9457.87,75662.96,Small Business,Debit Card,Marketplace
ORD100224,,,West,Electronics,Monitor,4.0,59812.58,239250.32,Corporate,Credit Card,Store
ORD100146,2025-04-24,Customer_2858,East,Beauty,Laptop,12.0,57133.36,685600.32,Corporate,UPI,Online
ORD101089,2024-07-11,Customer_6340,,Electronics,Laptop,7.0,12112.7,84788.9,Consumer,Net Banking,Marketplace
ORD100374,2024-08-06,Customer_8871,Central,Beauty,Shoes,9.0,52709.72,474387.48,Small Business,Net Banking,Marketplace
ORD101421,2024-08-29,Customer_8457,South,Sports,Laptop,10.0,57746.36,577463.6,Small Business,Net Banking,Store
ORD101143,2025-02-28,Customer_7809,West,Clothing,,10.0,27229.72,272297.2,Small Business,Debit Card,Marketplace
,2025-09-16,Customer_8204,West,Clothing,Backpack,10.0,3182.7,31827.0,Consumer,Net Banking,Store
ORD101495,2024-11-04,Customer_9680,South,Grocery,Backpack,3.0,11690.67,35072.01,Consumer,Net Banking,Store
ORD101602,2025-07-24,Customer_6799,,Grocery,,14.0,99021.87,1386306.18,Small Business,Net Banking,Store
ORD101271,2024-03-16,Customer_4836,North,Sports,Desk,9.0,59639.29,536753.61,Consumer,UPI,Online
ORD100010,2025-07-12,Customer_8489,Central,Clothing,Mobile,3.0,66244.99,198734.97,Consumer,Cash,Marketplace
ORD100450,2024-08-03,Customer_4814,Central,Furniture,Monitor,14.0,63238.35,885336.9,Small Business,Credit Card,Marketplace
ORD100709,2025-02-07,Customer_5398,Central,Grocery,Chair,12.0,37661.69,451940.28,Small Business,Net Banking,Marketplace
ORD100256,,Customer_8933,South,Beauty,Laptop,5.0,39726.31,198631.55,Small Business,Net Banking,Marketplace
ORD100883,2024-09-14,Customer_7150,North,Clothing,Shoes,14.0,31587.43,442224.02,Small Business,UPI,Store
ORD100390,2025-06-25,Customer_7723,,Electronics,Backpack,3.0,47970.4,143911.2,Consumer,Net Banking,Online
ORD100909,2025-06-30,Customer_4070,South,Clothing,Monitor,9.0,68407.04,615663.36, Consumer,UPI,Marketplace
,2025-05-05,Customer_2387,South,Clothing,Shirt,5.0,86212.49,431062.45,,Debit Card,Online
ORD101704,2025-08-12,Customer_6198,West,Electronics,Shirt,3.0,95489.21,286467.63,Small Business,Credit Card,Marketplace
ORD101233,2024-02-17,Customer_7516,East,Clothing,Headphones ,2.0,39996.94,79993.88,Small Business,Credit Card,Store
ORD100461,2024-06-15,Customer_8793,Central,Sports,Headphones,8.0,81888.84,655110.72,Corporate,Credit Card,Online
ORD101270,2024-06-10,Customer_6005,West,Sports,Keyboard,11.0,79192.85,871121.35,Small Business,Net Banking,Marketplace
ORD101760,2025-04-20,Customer_1328,East,,Shoes,13.0,77413.23,1006371.99,Consumer,UPI,Online
ORD101169,2025-01-27,Customer_4580,North,Grocery,Keyboard,14.0,43910.0,614740.0,,Debit Card,Store
ORD100959,2025-08-25,Customer_8212,South,Clothing,Laptop,6.0,44163.11,264978.66,Corporate,Net Banking,Store
ORD100502,2024-07-01,Customer_6523, Central,Beauty,Headphones,10.0,47541.17,475411.7,Small Business,Credit Card,Marketplace
ORD100740,2024-03-11,Customer_2615,East,Beauty,Headphones,10.0,48890.57,488905.7,,Debit Card,Marketplace
ORD101850,2025-09-09,Customer_7468,North,Grocery,Monitor,14.0,55942.17,783190.38,Corporate,Net Banking,Online
ORD100869,2025-08-18,Customer_1879,North,Sports,Keyboard,5.0,27644.41,138222.05,Consumer,Cash,Marketplace
ORD100732,2024-03-24,Customer_9743,East,Clothing,Laptop,9.0,75343.41,678090.69,Small Business,UPI,Online
ORD100540,2025-11-13,Customer_7021,East,FURNITURE,,7.0,53294.87,373064.09,Consumer,Cash,Marketplace
ORD101202,2025-12-10,Customer_7743,North,FURNITURE,Shoes,5.0,25743.75,128718.75,Consumer,Credit Card,Online
ORD100698,2025-02-02,Customer_4978,South,Grocery,Monitor,1.0,47486.18,47486.18,Small Business,Net Banking,Online
ORD101393,2025-05-19,Customer_8428,South,Sports,,12.0,33407.39,400888.68,Corporate, Debit Card,Store
ORD101377,2024-12-01,Customer_2294,,Beauty,Desk,6.0,29913.65,179481.9,Corporate,Credit Card,Store
ORD101146,2024-09-30,Customer_3740,Central,Grocery,Mobile,6.0,26969.0,161814.0,Corporate,Net Banking,Marketplace
ORD101032,2024-11-26,Customer_6651,West,Beauty,Backpack,8.0,,645111.76,Consumer,Net Banking,Online
ORD100373,2025-07-04,Customer_1841,Central,Clothing,Mobile,13.0,14984.29,194795.77,Corporate,Cash,Marketplace
ORD100668,2025-02-21,Customer_5923,West,Sports,Desk,4.0,3653.53,14614.12,Consumer,UPI,Online
ORD101526,2025-04-09,Customer_5455,South,Electronics,Backpack,7.0,71993.42,503953.94,Small Business,Net Banking,Marketplace
ORD100358,2024-09-28,Customer_9351,North,Clothing,Monitor,8.0,59688.9,477511.2,Consumer,Debit Card,Online
ORD100968,2025-10-02,Customer_3910,East,Electronics,Shirt,14.0,19664.5,275303.0,Consumer,Net Banking,Marketplace
ORD100784,2025-09-06,Customer_3474,South,,Backpack,3.0,78061.94,234185.82,Corporate,Debit Card,Marketplace
ORD100736,2024-02-23,Customer_6892,South,Beauty,Laptop,10.0,10883.58,108835.8,Small Business,Credit Card,Online
ORD101036,2024-04-03,Customer_5840,West,Sports,Shirt,3.0,73955.54,221866.62,,Debit Card,Marketplace
ORD100971,2025-11-07,Customer_5775,North,Clothing,Laptop,9.0,44815.53,403339.77,Consumer,Cash,Marketplace
ORD101525,2024-10-28,Customer_8417,West,Electronics,Monitor,7.0,41638.17,291467.19,Corporate,Cash,Store
ORD101487,2024-04-21,Customer_6675,West,Clothing,Laptop,13.0,86668.14,1126685.82,Small Business,Debit Card,Marketplace
ORD101524,2025-06-27,Customer_6211,North,Furniture,Headphones,13.0,55251.73,718272.49,Consumer,UPI,Marketplace
ORD101491,2025-09-21,Customer_7164,West,Furniture,Mobile,1.0,42296.21,42296.21,Corporate,Net Banking,Online
ORD101643,2024-02-20,Customer_8728,Central,Furniture,Headphones,5.0,18112.76,90563.8,Corporate,Credit Card,Online
ORD101253,2025-11-30,Customer_8230,West,Sports,Monitor,12.0,88976.24,,Consumer,UPI,Store
ORD101694,2025-11-15,Customer_7120,Central,Furniture,Headphones,13.0,51516.89,669719.57,Corporate,Credit Card,Store
ORD101750,2024-09-19,Customer_9946,Central,Beauty,Desk,14.0,3377.68,47287.52,Consumer,UPI,Marketplace
ORD101237,2025-01-02,Customer_9105,South,Furniture,Desk,4.0,46714.12,186856.48,Consumer,Net Banking,Store
ORD100886,2024-07-16,Customer_7227,Central,Beauty,Shirt,6.0,23754.75,142528.5,Small Business,Net Banking,Store
ORD100080,2025-11-17,Customer_3039,South,Grocery,MONITOR,2.0,85435.56,170871.12,Corporate,UPI,Online
ORD101173,2024-11-21,Customer_5877,North,Furniture,Keyboard,7.0,27854.43,194981.01,Corporate, Credit Card,Store
ORD100815,2025-04-21,Customer_6807,South,Furniture,Headphones,1.0,37408.91,37408.91,Consumer,UPI,Online
ORD101286,2024-08-30,Customer_2975,South,Furniture,Chair,9.0,20965.52,188689.68,Corporate,Debit Card,Online
ORD100672,2025-03-01,Customer_7999,South,Grocery,Keyboard,9.0,99159.68,,Corporate,Credit Card,Online
ORD101532,2024-04-27,Customer_3546,South,Sports,LAPTOP,2.0,75426.9,150853.8,CORPORATE,Debit Card,Store
ORD100058,2025-09-25,Customer_2033,South,Grocery,Keyboard,2.0,77121.33,154242.66,consumer,UPI,Store
ORD100134,2024-02-18,Customer_8371,East,Grocery,Desk,3.0,,204232.86,Corporate,UPI,Store 
ORD101141,2024-03-12,Customer_7703,East,Furniture,Monitor,12.0,97079.54,1164954.48,Consumer,UPI,Online
ORD100934,2025-02-14,Customer_5397,West, Beauty,Chair,10.0,49775.87,497758.7, Consumer,Credit Card,Online
ORD101685,2025-03-16,Customer_6301,West,Beauty,Chair,12.0,60346.12,724153.44,corporate,cash,Marketplace 
ORD100824,2024-09-06,Customer_5914,West,Beauty,Chair,13.0,,390187.33,Consumer,Net Banking,Store
ORD101215,2025-09-24,Customer_7786,East,Clothing,Chair,14.0,64680.36,905525.04,Consumer,Cash ,
ORD100505,2024-02-09,Customer_3875,West,Grocery,Keyboard,4.0,97419.05,389676.2,Small Business,Debit Card,online
ORD101775,2025-04-25,Customer_8066,South,Clothing,backpack,6.0,20135.97,120815.82,Small Business,UPI,Online
ORD100348,2025-11-04,Customer_3440,East,Sports,Headphones,6.0,86903.17,521419.02,Small Business,Debit Card,Store
ORD100387,2024-11-05,Customer_3481,Central,Furniture,Desk,1.0,65503.84,65503.84,Corporate,Cash,Marketplace
ORD101025,2025-07-06,Customer_4621,Central,Grocery,Laptop,,90545.45,814909.05,Consumer,Cash,Store
ORD100895,2024-10-10,Customer_3527,East,Grocery,Mobile,2.0,49498.67,98997.34,Corporate,Debit Card,Online
ORD100829,2025-01-23,Customer_7213,East,Electronics,Monitor,5.0,68622.54,343112.7,Small Business,Cash,Online
ORD101893,2024-06-07,Customer_7275,North,Electronics, Shirt,5.0,20619.6,103098.0,Corporate,Credit Card,Marketplace
ORD100476,2025-04-26,Customer_7504,North,Electronics,Chair,12.0,7086.17,85034.04,Corporate,Credit Card,Online
ORD101471,2025-08-25,Customer_4287,West,Electronics,Laptop,11.0,40304.42,443348.62,Small Business,Credit Card,online
ORD101448,2024-03-11,,South,Beauty,Headphones,2.0,75985.18,151970.36,Consumer,Cash,Online
ORD101582,2025-06-03,Customer_2228,East,Furniture,Monitor,3.0,57107.9,171323.7,Small Business,Net Banking,Online
ORD100653,2024-10-05,Customer_9843,Central,Electronics,Backpack,10.0,38696.26,386962.6,Consumer,NET BANKING,Store
ORD100173,2025-09-15,Customer_3580,East,Beauty,Shirt,10.0,93526.66,935266.6,Small Business,Net Banking,Marketplace
ORD101150,2025-08-24,Customer_5785,East,Sports,Headphones,11.0,4072.62,44798.82,Corporate, Net Banking,Marketplace
ORD100039,2024-08-08,Customer_7116,Central,Grocery,Monitor,11.0,32710.71,359817.81,Small Business,Debit Card,Store
ORD100714,2024-03-26,Customer_4555,North,Sports,Headphones,9.0,92838.92,835550.28,Small Business,Debit Card,Online
ORD100091,2024-06-16,Customer_9507,East,Beauty,Headphones,2.0,73153.88,146307.76,Small Business,Net Banking,Online
ORD100858,2025-05-17,Customer_5903,South,Grocery,Shirt,8.0,802.22,6417.76,Small Business,Net Banking,Marketplace
ORD101206,2024-12-02,Customer_3174,North,,Mobile,4.0,9319.25,37277.0,Consumer,Net Banking,Marketplace
ORD100876,2025-07-17,Customer_6347,West,Clothing,Desk,1.0,26887.09,26887.09,Small Business,Credit Card,Marketplace
ORD101352,2025-02-10,Customer_9951,West ,Furniture,Laptop,8.0,94916.3,759330.4,Corporate,Net Banking,Online
ORD101890,2024-07-15,Customer_6633,West,Sports,Desk,5.0,33412.91,167064.55,Consumer,UPI,Online
ORD101094,2025-10-02,Customer_9019,Central,Beauty,Backpack,10.0,28454.46,284544.6,Consumer,Credit Card,Marketplace
,2025-07-05,Customer_3755,West,Sports,Monitor,9.0,47349.84,426148.56,Corporate,Net Banking,Marketplace
ORD101782,2024-12-26,,West,Beauty, Desk,11.0,31077.45,341851.95,Consumer,Debit Card,Store
ORD100546,2025-07-21,Customer_8454,South,Sports,Laptop,7.0,2387.09,16709.63,Small Business,Credit Card,Marketplace
ORD100500,2024-04-28,Customer_4050,West,Furniture,Headphones,6.0,30155.23,180931.38,Corporate,Credit Card,
ORD100339,2024-05-02,Customer_9193,South,Grocery,Shirt,11.0,28939.69,318336.59,Consumer,Credit Card,Online
ORD101189,2024-04-12,Customer_1972,Central,Clothing,Backpack,14.0,67127.21,939780.94,Small Business,UPI,Marketplace
ORD100029,2025-04-04,Customer_2108,East,Electronics,Headphones,5.0,614.0,3070.0,Consumer,UPI,Online
ORD101218,2025-10-08,,East,Sports,Chair,14.0,50265.15,703712.1,Corporate,Debit Card,Store
ORD101400,2025-04-09,Customer_1185,East,Beauty, Shirt,8.0,9072.23,72577.84,Corporate,Net Banking,Marketplace
ORD101821,2024-09-10,Customer_7249,West,Furniture,Laptop,13.0,9913.68,128877.84,Corporate,Credit Card,Online
ORD100946,2024-09-11,Customer_5123,North,Beauty,Monitor,4.0,56062.21,224248.84,,Cash,Store
ORD100170,2024-11-01,Customer_9882,East,Furniture,Shoes,7.0,61698.8,431891.6,Small Business,Credit Card ,Store
ORD101405,,,West,Grocery,Shirt,12.0,6996.05,83952.6,Corporate,UPI,Online
ORD101198,2025-04-25,Customer_5380,,Clothing,Chair,10.0,71785.46,717854.6,Consumer,Cash,Online
ORD101254,2024-09-03,Customer_8479,South,Grocery,,2.0,1329.74,2659.48,Corporate,Debit Card,Online
ORD101614,2024-12-25,Customer_8848,North,clothing,Desk,10.0,,315831.9,Consumer,Debit Card,Marketplace
ORD100913,2024-02-25,Customer_7685,South,,Chair,1.0,40457.39,40457.39,Small Business,Credit Card,Marketplace
ORD100492,2024-12-25,Customer_8668,North,Beauty,Shoes,2.0,96170.41,,Consumer,Cash,Marketplace
ORD100954,2025-06-19,Customer_1110,West,Grocery,Headphones,7.0,79854.58,558982.06,CORPORATE,Debit Card,Marketplace
ORD101098,2024-09-30,Customer_7431,Central,Furniture,Shoes,3.0,73051.59,,Corporate,Credit Card,Online
ORD101033,2025-09-10,Customer_1402,North,Grocery,Desk,4.0,84389.36,337557.44,Consumer,Net Banking,Store
ORD100588,2024-08-18,Customer_5169,Central,Electronics,Shoes,5.0,17149.41,85747.05,Consumer,UPI,Marketplace
ORD100751,2025-04-29,Customer_5272,East,Beauty,Chair,10.0,87726.13,877261.3,SMALL BUSINESS,Debit Card,Store
ORD100658,2024-05-21,Customer_5739,North,Beauty,Shoes,9.0,88257.7,794319.3,Small Business,Cash,Online
,2024-03-01,Customer_1464,Central,Furniture,,1.0,40590.49,40590.49,Consumer,Debit Card,Online
ORD100733,2025-04-26,Customer_6886,Central,Electronics,Laptop,7.0,27006.2,189043.4,Corporate,Net Banking,Store
ORD100175,2024-06-05,Customer_6922,Central,,Headphones,,62567.94,750815.28,Small Business,Cash,Store
ORD101633,2025-01-13,Customer_6269,South,Grocery,Shoes,6.0,41622.65,249735.9,Corporate,Cash,Online
ORD101157,2025-05-10,Customer_8492,South,Furniture,Shirt,1.0,62289.72,62289.72,Small Business,Credit Card,
ORD101470,2024-08-31,Customer_7044,East,Electronics,Mobile,13.0,27227.55,353958.15,Consumer,Credit Card,Marketplace
ORD101425,,Customer_9185,East,Electronics,,7.0,86907.53,608352.71,Consumer,Debit Card,Online
ORD101628,2025-01-20,Customer_8859,Central,Beauty,Mobile,13.0,69040.65,897528.45,Small Business,UPI,Online
ORD100935,2025-05-18,Customer_9079,South,Furniture,Keyboard,10.0,34043.77,340437.7,Corporate,Debit Card,Online
ORD101210,2024-11-20,Customer_5055,Central,Grocery,Shirt,4.0,40483.55,161934.2,Small Business,Cash,Store
ORD101066,2024-12-03,Customer_6422,South,Clothing,Keyboard,9.0,38223.03,344007.27,Small Business,Credit Card,Marketplace
ORD100109,2025-08-03,Customer_8272,Central,Grocery,Headphones,5.0,9207.33,46036.65, Small Business,Net Banking,Online
ORD101543,2025-02-12,Customer_8404,East,Grocery,Chair,9.0,8625.6,77630.4,Small Business,Credit Card,Store
ORD100569,2025-03-28,Customer_9525,North,Clothing,Desk,12.0,,147495.6,Small Business,Net Banking,Store
ORD101168,2025-08-08,Customer_9951,North,Furniture,Backpack,14.0,46338.91,648744.74,Consumer,Credit Card,Marketplace
ORD101175,2025-12-23,Customer_8368,North,Beauty,Monitor,3.0,28527.77,85583.31,Small Business,Cash,STORE
ORD100891,2024-07-08,Customer_2344,Central,,Laptop,2.0,39405.44,78810.88,Consumer,Net Banking,Store
ORD100948,2025-07-25,Customer_9123,South,Furniture,Laptop,1.0,55842.28,55842.28,Corporate,Credit Card,Online
ORD101049,2025-10-29,,Central,Electronics,Mobile,10.0,36101.74,361017.4,Small Business,Credit Card,Store
ORD101353,2025-07-24,Customer_3830,East,Sports,Mobile,4.0,51338.95,205355.8,Corporate,UPI,Marketplace
ORD101778,2024-11-06,Customer_3573,South,Electronics,Keyboard,9.0,43804.44,394239.96,Consumer,Cash,Online
ORD101447,2024-07-29,Customer_6272,West,Sports,Monitor,6.0,41670.53,250023.18,Small Business,UPI,Store
ORD100885,2024-05-03,Customer_4043,Central,Sports,Keyboard,13.0,8733.82,113539.66,Consumer,Net Banking,Online
ORD101673,2024-02-26,Customer_1920,West,Clothing,Mobile,5.0,,476471.95,Corporate,UPI,Online
ORD100851,2025-05-15,Customer_3938,WEST,Electronics,Desk,10.0,93741.59,937415.9,Small Business,Debit Card,Online
ORD100735,2025-07-06,Customer_5285,Central,Grocery,Mobile,5.0,72821.92,364109.6,Small Business,Cash,Store
ORD100718,2025-04-17,Customer_5967,Central,Beauty,Monitor,4.0,99242.3,396969.2,,UPI,Marketplace
ORD100455,2024-12-28,Customer_8739,South,Sports,Backpack,2.0,67616.54,135233.08,Corporate,Net Banking,Marketplace
ORD100265,2025-11-20,Customer_3142,East,Sports,Desk,6.0,44998.44,269990.64,Small Business,Debit Card,Online
ORD100076,2024-06-15,Customer_6848,Central,Clothing,Monitor,3.0,15977.93,47933.79,Corporate,UPI,
ORD101658,2024-12-19,Customer_3885,South,Furniture,Backpack,12.0,40726.74,488720.88,Corporate,Debit Card,Online
ORD100445,2024-02-12,Customer_4920,South,Grocery,Desk,10.0,31295.95,312959.5,Small Business,Cash,Marketplace
ORD100396,2024-04-16,Customer_4397,East,Grocery,Chair,6.0,92967.63,557805.78,Consumer,Net Banking,Store
ORD100177,2024-06-14,Customer_4673,Central,Grocery,Monitor,3.0,61264.57,183793.71,Consumer,net banking,Online
ORD101043,2024-10-02,Customer_6620,East,Beauty,Shoes,3.0,99175.09,297525.27,,Cash,Store
ORD101736,2024-03-19,Customer_2110,South,Furniture,Laptop,9.0,83982.0,755838.0,,Net Banking,Store
ORD101402,2025-11-17,Customer_9133,Central,Furniture,Laptop,8.0,4511.78,36094.24,Corporate,Credit Card,Marketplace
ORD101381,2024-03-05,Customer_9788,Central,Clothing,Backpack,10.0,3175.93,31759.3,Consumer,UPI,Marketplace
ORD100596,2024-03-15,Customer_9866,Central,Furniture,Shoes,10.0,22966.57,229665.7,Small Business,Credit Card,Marketplace
ORD100062,2025-12-22,Customer_4302,East,Sports,Shirt,14.0,7561.97,105867.58,Consumer,,Store
ORD101297,2024-10-08,Customer_7022,North,Sports,,13.0,47453.24,616892.12,Small Business,Debit Card,Marketplace
,2025-06-27,Customer_2245,North,Grocery,Headphones,6.0,37183.59,223101.54,Consumer,Cash,Store
ORD101490,,Customer_1023,South,Electronics,Headphones,7.0,94304.08,660128.56,Consumer,Net Banking,Store
ORD101879,2025-11-17,Customer_9561,East,Electronics,Desk,14.0,2077.59,29086.26,Consumer,Credit Card,Store 
,2025-03-08,Customer_5754,South,Furniture,Shoes,7.0,54036.59,378256.13,Corporate,Credit Card,Marketplace
ORD100037,2024-10-11,Customer_1713,West,Furniture,Shirt,1.0,19393.97,19393.97,Small Business,Credit Card,Online
ORD100965,2025-09-16,Customer_4290, North,Furniture,Headphones,,27716.52,166299.12,Small Business,Debit Card,Online
ORD100663,2024-06-05,Customer_5944,East,Beauty,Mobile,2.0,3898.38,7796.76,Small Business,UPI,Online
ORD100440,2025-08-19,Customer_9824,West,Furniture ,,7.0,23600.03,165200.21,Corporate,UPI,Marketplace
ORD101445,2024-05-08,Customer_7870,East,Beauty,Mobile,10.0,3463.55,34635.5,Consumer,UPI,Store
ORD100978,2024-06-09,Customer_6980,North,Grocery,Desk,11.0,50754.41,558298.51,Corporate,UPI,Store
ORD101572,2024-12-28,Customer_2989,East,Furniture,Backpack,7.0,7730.86,54116.02,Consumer,Cash,Online
ORD100739,2025-10-27,Customer_8635,East,Beauty,Monitor,14.0,96516.46,1351230.44,Consumer,Credit Card,Marketplace
ORD100192,2024-03-21,Customer_8842,North,Electronics,Backpack,7.0,32968.84,230781.88,Small Business,Cash,Marketplace
,2024-04-15,Customer_7311,East,Beauty,Headphones,5.0,42920.19,214600.95,Corporate,Debit Card,Online
ORD100457,2025-02-20,Customer_3252,East,electronics,Shirt,10.0,44634.51,446345.1,Consumer,Debit Card,Store
ORD100676,2025-02-02,Customer_7244,South,Grocery,Headphones,9.0,35548.65,319937.85,Corporate,Net Banking,Online
ORD100761,2025-09-12,Customer_6530,Central,Sports,Desk,9.0,65790.28,592112.52,Corporate,UPI,Store
ORD101808,2025-09-11,Customer_2342,Central,Beauty,Monitor,4.0,48238.56,192954.24,Consumer,Cash,Online
ORD101603,2024-01-27,Customer_4517,Central,Clothing,Keyboard,9.0,23991.96,215927.64,Corporate,Net Banking,Online
ORD100729,2024-10-11,Customer_5637,East,Sports,Mobile,4.0,18141.4,72565.6,Small Business,Credit Card,Marketplace
ORD100413,2025-05-15,,Central,Electronics,Headphones,3.0,42510.29,127530.87,Corporate,Credit Card,Marketplace
ORD101099,2025-07-16,Customer_2871,North,Beauty,Backpack,7.0,59920.95,419446.65,Corporate,UPI,Marketplace
ORD100826,2025-08-06,Customer_1519,,Grocery,Desk,13.0,63791.57,829290.41,Consumer,UPI,Online
ORD101640,2024-06-08,Customer_1480,West,Electronics,Chair,13.0,92873.16,1207351.08,Corporate,UPI,Online
,2025-04-20,Customer_9802,South,Beauty,Laptop,11.0,68129.39,749423.29,Consumer,Net Banking,Store
ORD100115,2025-10-20,Customer_5498,West,Beauty,Laptop,12.0,29487.38,353848.56,Small Business,Credit Card,Online
ORD100418,2025-03-09,Customer_9011,Central,Electronics,Laptop,12.0,11319.2,135830.4,Consumer,Debit Card,Online
ORD101649,2025-03-10,Customer_5060,Central,Electronics, Desk,4.0,67467.46,269869.84,Consumer,Debit Card,Store
ORD100970,2024-09-27,Customer_6228,South,Grocery,Shoes,11.0,52067.03,572737.33,,Debit Card,Online
ORD100605,2025-02-13,Customer_7887,North,Clothing,Laptop,3.0,65442.17,196326.51,Corporate,Net Banking,Online
ORD100413,2025-05-15,Customer_5890,Central,Electronics,Headphones,3.0,42510.29,127530.87,Corporate,Credit Card,Marketplace
ORD100090,2024-09-07,Customer_7018,South,Electronics,,13.0,3227.1,41952.3,Consumer,Credit Card,Marketplace
ORD100849,2024-09-04,Customer_9897,East,Beauty,Chair,11.0,,529567.61,Corporate,Cash,Online
ORD101520,2025-12-30,Customer_5276,North,Beauty,Chair,3.0,77100.98,231302.94,Corporate,UPI,Store
ORD100381,2025-01-13,Customer_2800,South,,Laptop,4.0,52171.29,208685.16,Consumer, Cash,Store
ORD100754,2025-07-31,Customer_3497,West,Beauty,Mobile,13.0,55848.43,726029.59,Consumer,Cash,Online
ORD100499,2024-01-29,Customer_5215,Central,Clothing,Backpack,13.0,223.54,2906.02,Corporate,Credit Card,Online
,2025-03-10,Customer_8812,Central,Clothing,Keyboard,5.0,56012.88,,Small Business,Net Banking,Marketplace
ORD101326,2025-01-08,Customer_5065,West,Sports,Shoes,7.0,81694.02,571858.14,Small Business,Credit Card,Store
ORD100012,2025-08-27,Customer_2816,East,Grocery,Desk,11.0,86462.84,951091.24,Small Business,Credit Card,Online
ORD100397,2024-05-17,Customer_6325,Central,Sports,Backpack,6.0,53272.8,319636.8,Small Business ,UPI,marketplace
ORD100285,2025-03-29,Customer_6123,West,Electronics,Mobile,8.0,64036.3,512290.4,Consumer,Debit Card,Online
ORD101067,2025-02-25,Customer_7985,Central,Grocery,Keyboard,10.0,12971.99,129719.9,Small Business,Cash,Store
ORD101192,2024-01-16,,Central,Grocery,Backpack,3.0,29743.09,89229.27,corporate,Credit Card,Online
ORD101745,2025-10-22,Customer_3725,North,Clothing,Keyboard,,54496.13,108992.26,,Debit Card,STORE
ORD100691,2024-08-13,Customer_8586,North,Beauty,Laptop,7.0,26145.26,183016.82,Small Business,UPI,Marketplace
ORD101753,2025-09-08,,East,Electronics,Mobile,12.0,29594.66,355135.92,Consumer,Cash,Marketplace
ORD101876,2025-06-23,Customer_9514,Central,Electronics,Monitor,4.0,24826.26,99305.04,Corporate,Net Banking,Online
ORD100690,2025-09-09,Customer_3365,Central,Grocery,Mobile,1.0,25615.81,25615.81,Corporate,Cash,
ORD100852,2025-07-22,Customer_6152,West,Electronics,Chair,8.0,70631.3,565050.4,Corporate,UPI,Marketplace
ORD100160,2025-03-21,Customer_3009,North,Sports,Headphones,1.0,97748.89,97748.89,Small Business,Cash,Store
ORD100896,2025-08-26,Customer_7383,South,Grocery,Backpack,11.0,97957.13,1077528.43,Small Business,Cash,Store
ORD101576,2024-10-21,Customer_3141,Central,Clothing,Headphones,7.0,43607.21,305250.47,Consumer,Net Banking,Online
ORD100258,2025-11-05,Customer_4342,East,Beauty,SHIRT,8.0,23543.94,188351.52,Consumer,Net Banking,Marketplace
ORD100336,2025-11-22,Customer_4261,Central,Sports,Laptop,12.0,99334.36,1192012.32,Small Business,UPI,Online
ORD101880,2025-03-09,Customer_7874,South,Electronics,Chair,1.0,39129.14,39129.14,Small Business,Net Banking,Store
ORD101040,2025-08-24,Customer_3321,North,Clothing,Keyboard,2.0,68198.78,136397.56,Small Business,UPI,Marketplace
ORD100516,2025-08-13,Customer_6301,South,Beauty,Mobile,12.0,50733.16,608797.92,,Credit Card,Online
ORD101349,2024-08-19,Customer_7337,Central,Clothing,Shoes,13.0,46731.53,607509.89,Consumer,Cash,Marketplace 
ORD101016,2025-03-25,Customer_6432,East,Clothing,Shirt,6.0,25506.77,153040.62,,DEBIT CARD,Store
ORD100769,2024-11-15,Customer_3293,,Grocery,Monitor,6.0,52463.5,314781.0,Small Business,Debit Card,MARKETPLACE
ORD101747,2024-08-29,Customer_9078,West,Furniture,Keyboard,12.0,25605.38,307264.56,Corporate,Cash,Marketplace
ORD100762,2025-09-13,Customer_5216,North,Electronics,Headphones,2.0,31161.8,62323.6,Corporate,UPI,Marketplace
ORD101247,2024-06-23,Customer_1752,South,Clothing,Laptop,3.0,22705.28,68115.84,Small Business,UPI, Marketplace
ORD101204,2025-10-27,Customer_5543,West,Sports,Shirt,10.0,80055.45,800554.5,Corporate,Debit Card,Online
,2024-01-16,Customer_8483,East,Grocery,Backpack,1.0,82395.43,82395.43,Consumer,Debit Card,Marketplace
ORD101740,2025-06-27,Customer_1020,North,Beauty,Shirt,10.0,84600.37,846003.7,Corporate,Cash,Online
,2024-01-02,Customer_8319,South,Sports,Mobile,13.0,38152.86,495987.18,Small Business,Cash,Store
,2024-07-22,Customer_4941,South,GROCERY,,8.0,69929.17,559433.36,Consumer,Cash,Store
ORD100357,2024-09-01,Customer_9311, Central,Furniture,Chair,6.0,54895.12,329370.72,Corporate,Cash,Online
ORD101278,2025-12-07,Customer_2276,Central, Furniture,Headphones,5.0,10615.39,53076.95,Corporate,Credit Card,Store
ORD101313,2025-11-25,Customer_4559,South,Beauty,Backpack,3.0,35682.95,107048.85,Consumer,Cash,Store
ORD101683,2024-01-08,Customer_6582,Central,Beauty,,14.0,76381.55,1069341.7,Consumer,Cash,Store
ORD100341,2024-09-09,Customer_1742,West,Electronics,Headphones,9.0,65086.11,585774.99,Corporate,Debit Card,Store
ORD100432,2024-01-10,Customer_5712,Central,Clothing,Shirt,14.0,73222.61,,Small Business,,Store
ORD100474,2025-01-26,Customer_3880,North,,Laptop,8.0,83203.13,665625.04,Small Business,Credit Card,Online
ORD100218,2025-06-13,Customer_6669,East,Furniture,Laptop,1.0,54375.72,54375.72,Consumer,Debit Card,Store
ORD100912,2024-02-16,Customer_9395,Central,Beauty,,11.0,22818.21,251000.31,Small Business,UPI,Marketplace
ORD101228,2025-03-30,Customer_2526,South,,Shoes,10.0,82019.26,820192.6,Consumer,Credit Card,Marketplace
ORD101597,2025-07-28,Customer_9128,North,Electronics,Laptop,12.0,60368.85,724426.2,Consumer,Net Banking, Store
ORD101012,2024-11-10,Customer_6816,West,Grocery,Keyboard,4.0,98807.75,395231.0,Corporate,Net Banking,Online
ORD101234,2024-11-28,Customer_4568, West,ELECTRONICS,Mobile,13.0,91022.45,1183291.85,Consumer,Debit Card,Marketplace
ORD100094,2024-10-03,Customer_7955,West,Furniture,Backpack,2.0,96455.6,192911.2,Small Business,Credit Card,Marketplace
ORD101009,2024-03-14,Customer_2392,East,Electronics,Desk,10.0,91828.98,918289.8,Corporate,Net Banking,Online
ORD101071,2025-11-09,Customer_4022,South,Beauty ,Monitor,8.0,1898.21,15185.68,Small Business,Debit Card,Online
ORD101093,2025-05-25,Customer_5298,,Clothing,Mobile,13.0,56760.36,737884.68,Small Business,Credit Card,Store
ORD101415,2024-02-03,Customer_5456,South,Electronics,Mobile,11.0,28105.41,309159.51,Small Business,Debit Card,Online
ORD101309,2025-10-13,Customer_4490,North,Furniture,Keyboard,8.0,53272.53,426180.24,,Credit Card,Store
ORD100697,2024-01-30,Customer_7363,central,Grocery,Mobile,14.0,12610.83,176551.62,Consumer,Credit Card,Online
ORD101828,2024-06-11,Customer_8619,East,Furniture,Backpack,7.0,5284.34,36990.38,Consumer,Credit Card,Online
,2025-10-02,Customer_7176,West ,Electronics,Mobile,12.0,97980.27,1175763.24,Small Business,Net Banking,Marketplace
ORD100154,2025-07-03,Customer_5264,East,Beauty,Monitor,3.0,53470.8,160412.4,Small Business,Net Banking,Store
ORD101100,2024-05-14,Customer_6700,East,Beauty,Shirt,3.0,6542.68,19628.04,Consumer,Cash,Marketplace
ORD101719,2025-12-07,,North,,Desk,4.0,84742.44,338969.76,Consumer,UPI,Store
ORD101875,,Customer_5525,West,Furniture,Headphones,7.0,62836.54,439855.78,Corporate ,Credit Card,
ORD100790,2025-03-14,,South,Furniture,Headphones,10.0,3004.23,30042.3,Small Business,Net Banking,Store
ORD100581,2025-10-10,Customer_7806,Central,Beauty,Backpack,14.0,19259.07,269626.98,Corporate,Cash,Online
ORD100704,2025-04-23,Customer_7079,South,Grocery,Mobile,13.0,15748.18,204726.34,Consumer ,Debit Card,Marketplace
ORD101213,2025-07-08,Customer_3329,East,Beauty,Shirt,1.0,41326.27,41326.27,Small Business,Cash,Online
ORD101296,,Customer_6133,West,Furniture,Backpack,3.0,37542.88,112628.64,Small Business,Credit Card,Marketplace
ORD101666,2025-06-23,Customer_9064,South,Clothing,Laptop,6.0,1401.65,8409.9,Consumer,Net Banking,Store
ORD101261,2024-09-17,Customer_5489,Central,Furniture,Mobile,12.0,64609.48,775313.76,Small Business,UPI,Online
ORD100488,2024-12-02,Customer_9590,North,Furniture,Laptop,3.0,44690.6,,Small Business,Credit Card,Online
ORD100560,2024-11-07,Customer_2838,South,Grocery,Keyboard,5.0,95284.47,476422.35,Corporate,Debit Card,Store
ORD101142,,Customer_9056,North,Grocery,Monitor,3.0,26341.3,79023.9,Consumer,Credit Card,Store
ORD101120,2025-04-17,Customer_7931,South,Beauty,Chair,6.0,3361.3,20167.8,Corporate,Cash,Online
ORD100802,2025-01-05,Customer_5697,Central,Sports, Backpack,4.0,48711.11,194844.44,Small Business,Net Banking,Marketplace
ORD100513,2025-06-07,Customer_4027,south,Clothing,Shoes,8.0,78811.41,630491.28,Small Business,UPI,Store
ORD100634,2025-07-15,Customer_3541,East,Grocery,Shirt,8.0,24423.45,195387.6,Consumer,Net Banking,Online
ORD101512,2024-05-31,Customer_3187,South,Grocery,Mobile,2.0,99946.68,,Consumer,Cash,Store
ORD101788,2024-02-08,Customer_5872,West,Clothing,Keyboard,7.0,89614.48,,Corporate,Cash,Online
ORD101546,2024-11-16,,North,Sports,Backpack,8.0,82348.61,658788.88,CORPORATE,Cash,Marketplace
ORD101151,,Customer_1535,South,sports,Desk,8.0,60446.76,483574.08,corporate,Net Banking,Marketplace
ORD100791,2025-11-08,Customer_8916,West,Sports,Headphones,10.0,16771.82,,Consumer,Debit Card,Store
ORD100117,2024-05-26,Customer_2229,West,Beauty,Laptop,9.0,96754.38,870789.42,Small Business,Debit Card,Online
ORD100741,2025-10-29,Customer_8692,West,Sports,Backpack,5.0,15152.54,75762.7,Consumer, Cash,Online
ORD101691,2024-08-23,Customer_9622,West,Grocery,Monitor,4.0,4701.07,18804.28,SMALL BUSINESS, UPI,Store
ORD101082,2025-06-10,Customer_4371,Central,,Chair,13.0,62172.32,808240.16,Corporate,Cash,Store
ORD100831,2024-01-30,Customer_8798,Central,Electronics,Keyboard,12.0,74747.24,896966.88,Consumer,Debit Card,Store
ORD100120,2024-09-09,Customer_9406,West,Electronics,,1.0,223.06,223.06,Consumer,Net Banking,Online
ORD100657,2024-03-23,Customer_9255,Central,Grocery,Headphones,3.0,45116.9,135350.7,Consumer,Net Banking,Store
ORD100670,2025-07-09,Customer_1998,Central,Beauty,Monitor,5.0,38820.76,194103.8,Corporate,Net Banking,Marketplace
ORD100636,2024-06-11,Customer_4088,North,Clothing,Mobile,11.0,81087.52,891962.72,Corporate,Net Banking,Store
,2025-07-30,Customer_8775,South,Electronics,Chair,2.0,91432.23,182864.46,Consumer,Cash,Store
ORD100269,2024-03-03,Customer_6228,West,Sports,Laptop,1.0,,35989.15,Corporate,Net Banking,Online
ORD100656,2025-07-07,Customer_3295,East,Furniture,Mobile,2.0,88950.15,177900.3,Small Business,Debit Card,Store
ORD100936,2024-03-16,Customer_3390,Central,Sports,Headphones,3.0,87226.36,,small business,Net Banking,store
ORD100823,2025-04-06,Customer_4700,East,Clothing,Laptop,12.0,73388.22,880658.64,Corporate,Cash,Marketplace
ORD100867,2024-11-09,Customer_9204,East,Clothing,Chair,12.0,4555.03,54660.36,Consumer,Net Banking,Marketplace
ORD100047,2025-09-10,Customer_6447,Central,Sports,Laptop,12.0,1940.93,23291.16,Small Business,Cash,Online
ORD101374,2024-01-26,Customer_5546,South,Sports,Backpack,14.0,6041.21,84576.94,Corporate,UPI,Store
ORD101709,2025-10-17,Customer_7199,Central,Grocery,Shoes,6.0,9163.1,54978.6,Consumer,Debit Card,Store
ORD100992,2025-04-09,Customer_5961,West,Electronics,Chair,4.0,48587.36,,Small Business,Cash,Store
ORD100877,2024-12-04,Customer_1485,South,Sports,Mobile,5.0,15722.54,78612.7,Consumer,Net Banking,Store
ORD100774,2024-07-22,Customer_1962,Central,Clothing,Chair,6.0,74979.59,449877.54,Small Business,Net Banking,Store
ORD101220,2024-10-21,Customer_7600,,Furniture,Backpack,4.0,11662.19,,Corporate,Cash,Online
ORD101670,2024-08-13,Customer_9035,,Grocery,Backpack,12.0,35568.6,426823.2,Corporate,Credit Card,Marketplace
ORD100005,2024-09-07,Customer_5934,North,Sports, Headphones,8.0,6245.55,49964.4,Small Business,Debit Card,Marketplace
ORD101004,2024-08-18,,West,Electronics,Laptop,13.0,21054.32,273706.16,Small Business,UPI,Marketplace
ORD101724,2024-09-06,Customer_2274,Central,Grocery,Backpack,13.0,83997.63,1091969.19,Corporate,Cash,Online
ORD100264,2024-02-25,Customer_7532,East,Sports,Laptop,12.0,14661.08,175932.96,Small Business,Debit Card,Marketplace
ORD101570,2024-05-05,Customer_2669,Central,Beauty,Shoes,5.0,85727.24,428636.2,Small Business,Net Banking,Store
ORD101831,2024-10-16,Customer_5400,East,Furniture,DESK,7.0,,465836.7, Corporate,Debit Card,Store
ORD100444,2024-05-10,Customer_2789,South,Clothing,Mobile,9.0,17926.75,161340.75,Corporate,Cash,Online
ORD101003,2025-07-11,Customer_9300, South,Grocery,Chair,5.0,82313.55,411567.75,Corporate,Cash,Marketplace
ORD101078,2024-09-15,Customer_8037,West,Sports,Keyboard,1.0,82621.3,82621.3,Consumer,Net Banking,Online
ORD100838,2024-09-21,Customer_6427,West,Furniture,Shirt,2.0,70055.17,140110.34,Corporate,Net Banking,Marketplace
ORD101791,2024-10-20,Customer_1813,South,Clothing,Shoes,10.0,27216.71,272167.1,Corporate ,UPI,Store
ORD100305,2024-09-28,Customer_9108,Central,Clothing,Headphones,3.0,14439.88,43319.64,Consumer,UPI,Store
ORD101366,2025-08-21,Customer_9209,West,Grocery,Shirt,4.0,89455.81,357823.24,Corporate,UPI,Store
ORD101558,,Customer_7492,South,Clothing,Laptop,8.0,33091.25,264730.0,Small Business,UPI,Store
ORD100314,2024-07-13,Customer_6992,West,Beauty,Monitor,2.0,25605.12,51210.24,CONSUMER,Credit Card,Store
ORD100150,2024-01-12,Customer_9482,,Clothing,Keyboard,7.0,34667.06,242669.42,Corporate,,Online
ORD101149,2024-11-01,,East,Beauty,Headphones,2.0,391.81,783.62,Corporate,Net Banking,Marketplace
ORD101214,2024-02-06,Customer_5402,Central,Clothing,Mobile,10.0,64645.01,646450.1,Small Business,Debit Card,Marketplace
ORD100575,2024-06-22,Customer_9361,East,Sports,Backpack,13.0,133.22,1731.86,Small Business,Net Banking,Online
ORD100051,2025-07-03,Customer_9945,South,Sports,Shoes,3.0,18031.78,54095.34,Consumer,Cash,Online
,2025-12-04,Customer_6370,West,Clothing,Chair,5.0,83842.71,419213.55,Consumer,Cash,Online
ORD100727,2024-12-11,Customer_4921,North,Electronics,Backpack,11.0,74844.37,823288.07,Consumer,UPI,Marketplace
ORD100834,2024-07-05,Customer_3807,Central,Furniture,Shoes,3.0,20373.34,61120.02,Consumer,Cash,Store
ORD101378,2025-09-16,Customer_9377,Central,Grocery ,Headphones,,24114.2,144685.2,Small Business,UPI,Online
ORD101116,2025-02-21,Customer_7364,West,Grocery,Laptop,7.0,22100.51,154703.57,Consumer,net banking,Store
ORD101167,2024-09-01,Customer_8231, South,Sports,Desk,14.0,28562.31,399872.34,Consumer,UPI,Marketplace
ORD100471,2024-06-12,Customer_1611,Central,Clothing,Backpack,3.0,34421.69,103265.07,Corporate,Credit Card,Store
ORD100972,2024-03-24,Customer_9044,East,Electronics,Shirt,1.0,55826.24,55826.24,Corporate,Cash,Online
ORD100654,2024-12-09,Customer_4559,North,,Backpack,10.0,45067.43,450674.3,Small Business,Credit Card,Online
ORD100400,2024-04-19,Customer_7173,,Clothing,MONITOR,6.0,71791.82,430750.92,Corporate,Credit Card,Marketplace
ORD100512,2025-09-12,Customer_2562,East,Grocery,Monitor,1.0,25779.02,25779.02,Small Business,Credit Card,Online
ORD100321,2024-11-17,Customer_6939,North,Electronics,Shoes,2.0,86474.42,172948.84,Consumer,Net Banking,Online
ORD100020,,Customer_8032,East,,Monitor,6.0,23945.13,143670.78,consumer,Debit Card,Marketplace
ORD100685,2024-11-01,Customer_9813,North,Electronics,Headphones,8.0,78270.24,626161.92,Small Business,UPI,Store
ORD100036,2024-12-14,Customer_8702,West,Grocery,Mobile ,9.0,25942.96,233486.64,Consumer,Cash,Store
ORD100903,2024-08-20,Customer_8286,North,Furniture,,1.0,96738.88,96738.88,Small Business,Credit Card,Marketplace 
ORD101779,2024-10-08,Customer_1877,South,Furniture,Chair,2.0,88285.16,176570.32,Consumer,Cash,Marketplace
ORD100828,2025-11-15,Customer_7640,North,Sports,Shoes,6.0,17907.42,107444.52,Consumer,Credit Card,Marketplace
ORD101854,2025-08-19,Customer_3415,East,Clothing,Mobile,13.0,54119.38,703551.94,Small Business,Cash,Online
ORD100408,2024-07-27,Customer_5331,North,Sports,Desk,12.0,18540.05,222480.6,Consumer,Debit Card,Online
ORD100921,2024-01-13,Customer_1202,West,Grocery,Laptop,7.0,14181.87,99273.09,Corporate,Net Banking,Marketplace
ORD100538,2025-06-03,Customer_2923,South,Grocery,Shoes,12.0,62832.21,753986.52,Corporate,Debit Card,Store
ORD100759,2025-01-12,Customer_5026,North,,,8.0,19475.99,155807.92,Small Business,Net Banking,Store
ORD100072,,Customer_5150,North,Furniture,Laptop,7.0,37246.17,260723.19,Small Business,Debit Card,Store
ORD101063,2025-11-17,Customer_9454,Central,Electronics,Keyboard,10.0,,390369.6,Corporate,,Store
ORD101200,2024-12-12,Customer_2560,,Grocery,Laptop,13.0,4151.82,53973.66,Consumer,Debit Card,Online
ORD100246,2024-08-07,Customer_8912,South,Sports,Shirt,14.0,,811769.7,Corporate,Debit Card,Marketplace
,2025-01-14,Customer_2046,Central,Grocery,Monitor,1.0,2547.39,2547.39,Small Business,credit card,Online
ORD101128,2024-10-06,Customer_3298,East,Electronics,Headphones,9.0,46496.88,418471.92,Corporate,Credit Card,Store
ORD100785,2024-05-03,Customer_1149,East,Clothing,Headphones,13.0,21799.19,283389.47,Corporate,Cash,Store
ORD101743,2024-12-23,Customer_8179,Central,Beauty,Mobile,3.0,82333.77,247001.31,Consumer,Cash,Marketplace
ORD100490,2024-03-12,Customer_3198,South,sports,Desk,12.0,58089.45,697073.4,Small Business,UPI,Online
ORD100155,2024-09-30,Customer_8311,West,Furniture,Backpack,12.0,88265.1,1059181.2,Corporate,Debit Card,Marketplace
ORD100962,2025-08-05,Customer_3230,East,Beauty,Laptop,2.0,9494.21,18988.42,Corporate,Debit Card, Online
ORD100854,2025-12-08,Customer_4394,North,Grocery,Monitor,,5079.22,60950.64,Small Business,Credit Card,Online
ORD101312,2024-09-13,Customer_8248,East, Electronics,Desk,7.0,83871.07,587097.49,Consumer,,Online
ORD100626,2025-06-27,Customer_9920,North,Furniture,Desk,13.0,37203.72,483648.36,Corporate,Credit Card,Marketplace
ORD100686,2025-02-03,Customer_8758,Central,Beauty,Shirt,7.0,22861.46,160030.22,Small Business,Cash,Marketplace
ORD101562,2024-05-13,Customer_5262,West,Furniture,Desk,14.0,87776.94,1228877.16,Small Business,Debit Card,Store
ORD100570,2025-03-28,Customer_8239,East,Furniture,Shirt,10.0,59469.65,594696.5,Small Business,Net Banking,Online
ORD101251,2025-01-26,,South,Clothing,Headphones,14.0,75959.17,1063428.38,Consumer,Net Banking,Online
ORD100018,2024-08-26,Customer_3352,East,furniture,Desk,8.0,16123.97,128991.76,Consumer,Credit Card,Marketplace
ORD100128,2025-01-05,Customer_4866,Central,Beauty,Shoes,8.0,32659.95,261279.6,Corporate,Net Banking,Store
ORD101347,2024-03-18,Customer_6185,North,Furniture,Headphones,6.0,5868.33,35209.98,Corporate,Net Banking,Store
ORD101280,2025-04-12,Customer_4705,East,Clothing,Monitor,3.0,97205.32,291615.96,Consumer,UPI,Marketplace
ORD101828,2024-06-11,Customer_8619,East,Furniture,Backpack,7.0,5284.34,36990.38,Consumer,Credit Card,Online
ORD100928,2024-07-07,Customer_3778,South,Electronics,Mobile,3.0,29129.7,87389.1,Consumer,Credit Card,Marketplace
ORD100981,2025-04-06,Customer_9939,Central,Grocery,Backpack,6.0,36432.94,218597.64,Consumer,Cash,Store
ORD100596,2024-03-15,Customer_9866,Central,Furniture,Shoes,10.0,22966.57,229665.7,Small Business,Credit Card,Marketplace
ORD100191,2025-08-03,Customer_7523,South,Furniture,Mobile,13.0,61612.63,800964.19,Consumer,Cash,Store
,2024-05-19,Customer_9109,South,,Keyboard,1.0,78696.36,78696.36,Corporate,Cash,
ORD100993,2024-03-13,Customer_4965,Central,Grocery,Keyboard,9.0,12331.15,110980.35,Small Business,Credit Card,Marketplace
ORD100157,2024-12-14,Customer_5678,South,Furniture,Shoes,6.0,82468.95,494813.7,Corporate,Cash,Marketplace
ORD101657,2024-04-26,Customer_3846,North,Grocery,,10.0,49873.78,498737.8,Small Business,Credit Card,Marketplace
ORD100607,2024-05-31,Customer_7266,South,Beauty,Laptop,1.0,52597.91,52597.91,Corporate,UPI,Store
ORD100181,,Customer_4878,North,Electronics,Shirt,13.0,59787.84,777241.92,Consumer,Debit Card,Store
ORD100302,2025-01-23,Customer_1797,North,Furniture,Shoes,4.0,53271.27,213085.08,Consumer,Debit Card,Marketplace
,2025-07-03,Customer_3662,CENTRAL,Clothing,Shirt,10.0,42326.64,423266.4,Small Business,Credit Card,Online
ORD101721,2024-03-31,Customer_9129,Central,Grocery,Laptop,1.0,87747.83,87747.83,Corporate,Debit Card,Marketplace
ORD101710,2025-03-03,Customer_6026,North,Beauty,Shirt,6.0,3358.53,20151.18,Consumer,Net Banking,Online
ORD101888,2024-12-15,Customer_5687,North,Beauty,Shirt,2.0,35649.89,71299.78,Small Business,Credit Card,
ORD101436,2025-11-09,Customer_1201,South,Clothing,Desk,10.0,40190.47,401904.7,Corporate,Credit Card,Store
ORD100518,2024-09-17,Customer_1111,Central,Grocery,Keyboard,5.0,6404.59,32022.95,Corporate,Credit Card,
ORD101279,2024-09-13,Customer_3174,East,Electronics,Keyboard,5.0,16819.24,84096.2,Small Business,Credit Card,Store
ORD101070,2024-10-22,Customer_7636,East,Grocery,Backpack,6.0,47959.1,287754.6,Consumer,Credit Card,Marketplace
ORD100477,,Customer_9116,North,Furniture,Shoes,10.0,64052.81,640528.1,Small Business,Cash,Marketplace
ORD100158,2024-04-24,Customer_9047,South,,Headphones,11.0,35844.35,394287.85,Consumer,Cash,Online
ORD101244,2025-08-02,Customer_8951,West,Electronics,Headphones,8.0,54299.18,434393.44,Small Business,Debit Card,Store
ORD101196,2024-06-07,Customer_5794,North,Furniture,Shoes,11.0,86301.76,949319.36,Small Business,UPI,Marketplace
ORD100017,2024-08-11,Customer_4963,East,Furniture,Mobile,8.0,15818.33,126546.64,Consumer,Cash,Marketplace
ORD101536,2024-08-08,Customer_8635,South,Clothing,Headphones,7.0,12659.85,88618.95,Corporate,Net Banking,Marketplace
ORD101073,2025-07-17,Customer_8080,South,Furniture,Monitor,11.0,2814.78,30962.58,Consumer,Credit Card,Marketplace
ORD101267,,Customer_3711,North ,Furniture,Headphones,12.0,37953.14,455437.68,Small Business,Cash,Store
ORD100547,2024-05-10,Customer_7121,East,Electronics,Desk,9.0,15463.74,139173.66,Corporate,UPI,Online
ORD101540,2025-02-27,Customer_9780,East,Beauty,Backpack,13.0,68251.17,887265.21,Consumer,UPI,Marketplace
ORD100659,2024-06-03,Customer_4836,East,Sports,Backpack,7.0,10658.78,74611.46,Small Business,Cash,Store
ORD101626,2025-06-27,Customer_7266,West,Electronics,Chair,8.0,6156.83,49254.64,Consumer,UPI,Marketplace
ORD101020,2024-11-07,Customer_2615,South,Sports,Laptop,14.0,24509.56,343133.84,Corporate,UPI,Online
ORD101663,2025-11-25,Customer_6761,Central,Sports,Chair,5.0,91946.8,459734.0,Small Business ,Net Banking,Store
ORD101505,2025-05-17,Customer_9515,North,Grocery,Shoes,14.0,27916.1,390825.4,Corporate,Net Banking,Online
ORD100960,2025-03-15,Customer_6484,West,Grocery,Chair,3.0,19641.37,58924.11,Small Business,Credit Card,Marketplace
ORD101882,2025-01-05,Customer_7790,East,Grocery,Shirt,13.0,41224.38,535916.94, Consumer,Debit Card,Marketplace
ORD100284,2024-03-18,Customer_6364,Central,,Shoes,6.0,,31587.06,Consumer,Credit Card,Marketplace
ORD100798,2025-03-06,Customer_1274,North,Clothing,Monitor,2.0,10503.32,21006.64,Corporate,Cash,Online
ORD101627,2024-08-08,Customer_6883,Central,Furniture,Shirt,2.0,69030.97,138061.94,Corporate,Cash,Store 
ORD100226,2025-08-25,Customer_5961,,Clothing,Keyboard,9.0,65535.43,589818.87,Small Business,Cash,Marketplace
ORD100027,2025-03-05,Customer_9576,Central,Furniture,Monitor,2.0,46600.45,93200.9,Corporate,Credit Card,Marketplace
ORD101771,2024-11-19,Customer_2525,North,Sports,Shirt,5.0,59084.07,295420.35,Small Business,Debit Card,Online
ORD100438,2024-02-06,Customer_4505,South,Clothing,Mobile,13.0,42452.09,551877.17,Corporate,Cash,Store 
ORD100183,2025-05-15,Customer_1430,West,Sports,Laptop,14.0,48142.29,673992.06,Consumer,Cash,Marketplace
ORD101389,2024-05-23,Customer_5005,East,Clothing,Backpack,2.0,52769.9,105539.8,Consumer,Credit Card,Store
ORD100230,2024-08-13,Customer_3762,North,Grocery,Laptop,8.0,,307570.64,Consumer,Cash,Marketplace
ORD100038,2024-06-08,Customer_7338,North,Grocery,Monitor,11.0,8501.41,93515.51,Consumer,Net Banking,Online
ORD100750,2024-05-09,Customer_1265,South,GROCERY,Chair,10.0,57759.56,577595.6,Corporate,UPI,Store
ORD101046,2024-06-28,Customer_9537,north,Clothing,Desk,5.0,34103.97,170519.85,Small Business,Credit Card,Online
ORD101399,2025-02-01,Customer_3248,East,Furniture,keyboard,5.0,99465.4,497327.0,Consumer,Net Banking,Store
ORD100470,2024-09-30,Customer_9767,West,Electronics,Shoes,10.0,36758.91,367589.1,Consumer,Net Banking,Online
ORD101693,2025-07-26,Customer_2188,East,Grocery,Backpack,10.0,17871.02,178710.2,Consumer,Debit Card,Online
ORD101627,2024-08-08,Customer_6883,Central,Furniture,Shirt,2.0,69030.97,138061.94,Corporate,Cash,Store 
ORD100688,2025-07-05,Customer_4692,West,Furniture,Laptop,5.0,66768.3,333841.5,Consumer,Credit Card,Online
ORD101844,2025-07-25,,South,Grocery,,14.0,78238.91,1095344.74,Small Business,Debit Card,Online
ORD100640,2024-09-10,Customer_1256,West,Sports,Shirt,12.0,95626.6,1147519.2,Consumer,Cash,Store
ORD101713,2025-02-18,Customer_3911,East,Furniture,Chair,1.0,27627.24,27627.24,Corporate,Debit Card,Marketplace
ORD101219,2025-12-01,Customer_2525,South,Furniture,Laptop,11.0,13973.25,153705.75,Corporate,Credit Card,Marketplace
ORD101159,2024-12-06,Customer_9369,South,Electronics ,Chair,6.0,44802.07,268812.42,Consumer,,Online
ORD101416,2025-12-07,Customer_9582,,Clothing,Keyboard,7.0,68771.9,481403.3,Consumer,Credit Card,Online
ORD101528,2025-09-11,Customer_2223,North,Sports,Chair,10.0,86989.34,869893.4,Consumer,Cash,
ORD101656,2025-06-08,Customer_6813,North,Sports,Desk,,63690.21,382141.26,Corporate,Debit Card,Marketplace
ORD101301,2024-02-20,Customer_3181,West,Clothing,Keyboard,1.0,8911.35,8911.35,corporate,Credit Card,Store
ORD101823,2025-03-24,Customer_4056,Central,Clothing,Chair,3.0,12290.85,36872.55,Small Business,Cash,Online
ORD100801,2025-03-19,Customer_9777,South,Furniture,Keyboard,10.0,5375.12,53751.2, Corporate,UPI,Online
ORD101604,2025-09-15,Customer_4066,South,Furniture,Mobile,2.0,53120.66,106241.32,Consumer,UPI,Online
ORD100161,2024-06-10,Customer_3223,South,Clothing,Shoes,3.0,20165.82,60497.46,Corporate,UPI,Marketplace
ORD100957,2025-03-29,Customer_7224,Central,Beauty,Laptop,2.0,39798.4,79596.8,Consumer,Net Banking,Online
ORD101187,2024-04-12,Customer_4385,West,Beauty,Mobile,6.0,73013.04,438078.24,Small Business,Cash,Online
ORD100822,2024-10-12,Customer_4984,Central,Furniture,Headphones,10.0,76682.19,766821.9,Corporate,Debit Card,Store
ORD101682,2024-05-02,Customer_3137,South,Furniture,Monitor,10.0,96020.76,960207.6,Small Business,Credit Card,Marketplace
ORD100878,2024-12-26,Customer_5478,Central,Beauty,Keyboard,4.0,85323.65,,Small Business,Credit Card,Online
ORD100914,2025-07-20,Customer_2692,Central,Electronics,Shoes,13.0,54300.33,705904.29,Small Business,CREDIT CARD,Marketplace
ORD100153,2025-11-29,Customer_5288,South,Clothing,Laptop,5.0,7334.39,36671.95,consumer,Net Banking,Store
ORD101871,2024-12-02,Customer_2425,West,Furniture,Chair,9.0,31355.03,282195.27,Corporate,Credit Card,Marketplace
ORD101777,2025-10-08,Customer_8113,Central, Sports,Monitor,8.0,1108.05,8864.4,Corporate,Debit Card,Store
ORD100510,2024-11-17,Customer_2421,North,Grocery,Chair,12.0,67188.69,806264.28,Small Business,Net Banking,Marketplace
ORD101136,2025-01-27,Customer_3236,Central,Grocery,Monitor,6.0,63996.6,383979.6,Small Business,Credit Card,Online
ORD101251,2025-01-26,Customer_3035,South,Clothing,Headphones,14.0,75959.17,,Consumer,Net Banking,Online
ORD101684,2025-05-24,Customer_3907,Central,Grocery,Monitor,2.0,85535.18,171070.36,Corporate,Cash,Marketplace
ORD100104,2024-11-19,Customer_5843,North,Furniture ,Laptop,14.0,56318.75,788462.5,Small Business,Cash,Marketplace
ORD101446,2025-08-01,Customer_4678,Central,Electronics,Laptop,11.0,21541.34,236954.74,Consumer,Net Banking,Store
ORD101444,2024-09-06,Customer_1579,West,Sports,Mobile,9.0,22005.47,198049.23,Small Business,Debit Card,Store
ORD100587,2024-11-13,Customer_7487,Central,Grocery,Mobile,10.0,43090.68,430906.8,Small Business,Credit Card,Online
ORD101769,2024-11-26,Customer_2228,East,Electronics,Laptop,3.0,54715.38,164146.14,Corporate,Cash,Online
ORD101144,2024-12-14,Customer_8272,East,Beauty,Chair,9.0,47342.42,426081.78,Corporate,UPI,Online
ORD100054,2024-03-21,Customer_8612,West,Beauty,Backpack,7.0,17457.97,122205.79,Corporate,Debit Card,Store
ORD100152,2024-04-27,Customer_2929,West,Grocery,Shirt,8.0,94129.63,753037.04,Small Business,Debit Card,Marketplace
ORD100404,2024-10-15,Customer_9734,South ,Clothing,Chair,2.0,52295.86,104591.72,Small Business,Debit Card,Online
ORD100972,2024-03-24,Customer_9044,East,Electronics,Shirt,1.0,55826.24,55826.24,Corporate,Cash,Online
ORD100208,2025-07-06,Customer_9238,North,Furniture,Shoes,4.0,20437.47,81749.88,Small Business,Credit Card,Online
ORD101895,2024-10-29,Customer_8750,East,Electronics ,Laptop,9.0,98206.75,883860.75,Consumer,Net Banking,Marketplace
ORD101123,2024-06-06,Customer_9804,West,Electronics,Mobile,12.0,95586.87,1147042.44,Consumer,Net Banking,Marketplace
,2024-08-19,Customer_7732,East,Electronics,Keyboard,9.0,67786.34,610077.06,SMALL BUSINESS,Cash,Online
ORD100009,2025-11-23,Customer_7878,Central,Beauty,Chair,10.0,57174.76,571747.6,Small Business,Debit Card,Marketplace
ORD101015,2024-10-22,Customer_7547,Central,Beauty,,2.0,31474.67,62949.34,Small Business,Credit Card,Store
ORD100119,2024-05-22,Customer_6952,West,Electronics,Shoes,13.0,46263.52,601425.76,Small Business,Cash,Online
ORD101061,2024-12-07,Customer_3692,South,Beauty,Mobile,1.0,118.82,118.82,Small Business,Credit Card,Marketplace
ORD100453,2025-11-13,Customer_7771,South,Electronics,Headphones,6.0,27526.57,,Small Business,Net Banking,Online
,2025-02-20,Customer_8202,North,Grocery,Chair,3.0,,176647.26,Corporate,Credit Card,Online
ORD101328,2024-04-02,Customer_1439,South,Beauty,Chair,4.0,78260.59,313042.36,Consumer,Credit Card,Store
ORD100897,2025-06-21,Customer_6188,Central,Beauty,Backpack,13.0,14582.01,189566.13,Corporate,Credit Card,Marketplace
ORD101734,2024-12-07,Customer_4435,East,Electronics,Shirt,1.0,42807.43,42807.43,Consumer,Cash,Marketplace
ORD100881,2024-10-04,Customer_4737,North,Sports,Shirt,13.0,56243.09,731160.17,Consumer,Debit Card,Store
ORD101596,2025-03-15,Customer_7471,East,Clothing,Chair,7.0,93744.11,656208.77,Consumer,Debit Card,Marketplace
ORD101889,2025-05-12,Customer_9775,North,Sports,Backpack,14.0,,118769.84,Consumer,UPI,Store
ORD100624,2025-04-20,Customer_5888,North,Sports,Shirt,1.0,6555.21,6555.21,Corporate,UPI,Store
ORD100346,2024-03-24,Customer_9508,West,Beauty,Desk,4.0,87801.33,351205.32,Small Business,UPI,
ORD101703,2024-11-16,Customer_8982,West,Clothing,Desk,8.0,99009.63,792077.04,Consumer,UPI,Marketplace
ORD100263,2025-04-23,Customer_6658,North,Clothing,Headphones,2.0,66972.1,133944.2,Small Business,UPI,Marketplace
ORD101635,2024-11-28,Customer_5430,North,Furniture,Shirt,14.0,76132.72,1065858.08,Small Business,UPI,Marketplace
ORD101322,2024-11-12,Customer_3290,East,Furniture,Shoes,13.0,16607.68,215899.84,Corporate,Cash,Marketplace
ORD101439,2025-10-16,Customer_8729,South,Electronics,Desk,5.0,,133450.9,Consumer,Cash,Marketplace
ORD100151,2025-11-27,Customer_7340, East,Beauty,Headphones,14.0,77602.89,1086440.46,Corporate,,Store
ORD100473,2024-04-20,Customer_7846,West,Clothing,Mobile,9.0,44296.75,398670.75,Small Business,Credit Card,Store
ORD100641,2025-10-14,Customer_4943,West,Sports,Backpack,14.0,13401.19,187616.66,Corporate,Credit Card,Store
ORD100418,2025-03-09,Customer_9011,Central,Electronics,Laptop,12.0,11319.2,135830.4,Consumer,,Online
ORD101883,2024-01-19,Customer_3451,South,Grocery,Headphones,14.0,93505.94,1309083.16,Corporate,Net Banking,Store
ORD100551,2025-01-23,Customer_9806,East,Clothing,Shirt,10.0,93279.8,932798.0,Consumer,Net Banking,Online
ORD101780,2025-08-28,Customer_2659,North,Clothing,Headphones,9.0,5284.9,47564.1,Consumer,Net Banking,Store
ORD100929,2024-02-22,Customer_7237,North,Electronics,Shirt,5.0,78718.32,393591.6,Small Business,Cash,
ORD100489,2024-10-12,Customer_9092,East,Beauty,Shoes,7.0,33423.6,233965.2,Corporate,Cash,Marketplace
,2024-03-04,Customer_7512,Central,Beauty,Headphones,11.0,13081.14,143892.54,Consumer,Net Banking,Store
ORD101172,2024-02-14,,Central,Electronics,Backpack,9.0,4534.34,40809.06,Consumer,UPI,Marketplace
ORD100147,2025-06-25,Customer_1424,West,Electronics,Monitor,2.0,1934.93,3869.86,Small Business,Credit Card,Marketplace
ORD101705,2025-03-15,Customer_3854,West,Sports,Headphones,6.0,49518.05,297108.3,Consumer,Cash,Online
ORD101792,2024-03-19,Customer_7437,South,Electronics,Mobile,5.0,12623.11,63115.55,Small Business,UPI,Marketplace
ORD100403,2024-10-05,Customer_8531,West,Sports,Shirt,11.0,82335.08,905685.88,Small Business,Cash,Marketplace
ORD100955,2025-01-24,Customer_7483,East,Beauty,Chair ,10.0,37256.07,372560.7,Small Business,Net Banking,Marketplace
ORD101878,2025-10-23,Customer_1202,North,Beauty,Headphones,1.0,18772.75,18772.75,Corporate,Debit Card,Online
ORD100660,2024-08-24,Customer_6224,East,Grocery,Chair,4.0,98828.7,395314.8,Consumer,Cash,Store
,2025-04-27,Customer_3501,Central,Electronics,Monitor,,99612.68,1095739.48,Consumer,UPI,Online
ORD100464,2024-01-26,Customer_5706,North,Furniture,Shirt,11.0,90561.93,996181.23,Consumer,Cash,
ORD101350,2025-11-23,Customer_7895,South,Grocery,Headphones,4.0,3542.68,14170.72,Small Business, Net Banking,Marketplace
ORD100187,2024-11-10,Customer_3126,Central,Sports,Desk,13.0,72510.17,942632.21,Consumer,Debit Card,Store
ORD101148,2024-10-16,Customer_1505,West,Electronics, Backpack,10.0,89158.85,891588.5,Corporate,Debit Card,Store
ORD101225,2025-10-10,Customer_8996,South,Clothing,Shirt,6.0,53046.15,318276.9,Consumer,Debit Card,Online
ORD100609,2025-12-05,Customer_7184,,Electronics,Monitor,5.0,17771.03,88855.15,, Credit Card,
ORD100144,2025-01-25,Customer_5566,North,Furniture,Keyboard,9.0,14677.62,132098.58,Small Business,Cash,Marketplace
ORD100752,2025-11-16,Customer_7841,West,Beauty,Laptop,12.0,43436.67,521240.04,Small Business,Credit Card,Online
ORD101535,2025-07-18,Customer_8365,South,Beauty,Backpack,7.0,93087.65,651613.55,Small Business,Cash,Online
ORD100982,,Customer_3947,North,Furniture,Monitor,12.0,73290.26,879483.12,Corporate,Credit Card,Marketplace
ORD100198,2024-05-11,Customer_6194,Central,Beauty,Monitor,10.0,16251.09,162510.9,Corporate,UPI,Store
ORD101634,2024-11-15,Customer_7363,Central,,Desk,11.0,,332876.28,Consumer,Net Banking,Online
ORD100884,2024-08-24,Customer_8075,South,Grocery,Laptop,,77208.59,231625.77,Corporate,Debit Card,Online
ORD100280,2024-07-06,Customer_7293,North,Beauty,Backpack,11.0,3515.36,38668.96,,Credit Card,Marketplace
ORD100294,2024-06-19,,West,Electronics,Backpack,12.0,68628.18,823538.16,Small Business,Cash,Marketplace
ORD101824,2025-03-25,Customer_8303,North,Clothing,Shoes,5.0,12600.01,63000.05,Small Business,Credit Card,Online
ORD100401,2025-07-20,Customer_6140,West,Grocery,Monitor,8.0,40050.53,320404.24,Corporate,Debit Card, Online
ORD100123,2024-09-26,Customer_3339,Central,Grocery,Shoes,9.0,24829.24,223463.16,Small Business, Cash,Store
ORD101208,2025-06-30,Customer_3396,South,Furniture,Keyboard,4.0,55003.41,,Consumer,Credit Card,Online
ORD100203,2024-09-28,Customer_6644,Central,Electronics,Shirt,6.0,,296270.16,Small Business,Debit Card,Marketplace
ORD101463,,Customer_8620,North,Clothing,Backpack,7.0,91687.49,641812.43,Small Business,Credit Card,Store
ORD100836,2024-08-05,Customer_9189,Central,Grocery,Monitor,4.0,97966.71,391866.84,Consumer,UPI,Store
ORD100247,,Customer_5012,North,Electronics,Chair,1.0,66295.87,66295.87,Corporate,Credit Card,Marketplace
ORD101440,2025-09-03,Customer_6963,East,Clothing,Desk,10.0,2300.49,23004.9,Corporate,Credit Card,Online
ORD101754,2024-06-05,Customer_4695,North,Clothing ,Shoes,3.0,87961.71,263885.13,Consumer,Cash,Store
ORD101744,2024-12-25,Customer_7875,South,Beauty,Shirt,3.0,88899.85,266699.55,Small Business,Net Banking,Marketplace
ORD101708,2025-12-27,Customer_3872,East,Electronics,Chair,,63580.82,508646.56,Consumer,UPI,Store
ORD101881,2025-06-04,Customer_2843,,Electronics,Desk,3.0,19223.63,57670.89,Small Business,Cash,Store
ORD101154,2024-06-01,Customer_9808,South,Furniture,Keyboard,6.0,47017.21,282103.26,Corporate,Net Banking,Online
ORD101662,2025-11-25,Customer_1462,South,Sports,Shirt,6.0,45950.45,275702.7,Corporate,Credit Card,Online
ORD101427,2025-10-22,Customer_7024,West,,Monitor,1.0,11381.87,11381.87,Small Business,UPI,Store
ORD100385,2025-07-10,Customer_6139,East,Sports,Laptop,3.0,7220.9,21662.7,Consumer,UPI,Online
ORD101759,2025-05-20,Customer_5831,East,Clothing,Desk,1.0,72702.25,72702.25,Corporate,Cash,Marketplace
ORD100855,2025-05-02,Customer_3362,Central,Grocery,Mobile,8.0,90400.94,723207.52,,UPI,Online
ORD101590,2025-07-23,Customer_3007,SOUTH,Furniture,Desk,4.0,60654.04,242616.16,Consumer,Cash,Marketplace
ORD100220,2024-05-03,Customer_5653,North,Beauty,Chair,9.0,58847.03,529623.27,Corporate,Cash,Marketplace
ORD100642,2024-10-10,Customer_4376,West,Grocery,Chair ,2.0,10304.74,20609.48,Small Business,Credit Card,Online
ORD100002,2024-04-24,Customer_2821,WEST,Beauty,Mobile,4.0,11035.94,44143.76,Small Business,Credit Card,Marketplace
ORD100113,2025-05-26,Customer_6776,South,Beauty,Shoes,12.0,1884.4,22612.8,,Cash,Online
ORD100699,2024-12-10,Customer_5177,South,Beauty,Backpack,1.0,11484.27,11484.27,Consumer,UPI,Marketplace
ORD100620,2024-09-12,Customer_3086,North,Sports,Backpack,12.0,32417.69,389012.28,Corporate,UPI,Marketplace
ORD100952,2025-09-25,Customer_3219,West,Clothing,Shoes,12.0,28314.85,339778.2,Small Business,Cash,
ORD101649,2025-03-10,Customer_5060,Central,Electronics, Desk,4.0,67467.46,269869.84,Consumer,Debit Card,Store
ORD101637,2025-09-02,Customer_1427,South,Clothing,Desk,10.0,94912.21,949122.1,Corporate,,Online
ORD101886,2024-07-03,Customer_2730,North,Electronics,Backpack,2.0,60589.93,121179.86,Small Business,Cash,Store
ORD101411,2025-05-16,Customer_2934,South,Grocery,,14.0,70033.42,980467.88,Consumer,Debit Card,Marketplace
,2024-04-11,Customer_5403,,Electronics,Laptop,13.0,88453.99,,Consumer,Debit Card,
ORD101534,2025-10-28,Customer_3693,North,Beauty,Shirt,1.0,39533.96,39533.96,Corporate,Debit Card,Online
ORD101292,2025-12-17,Customer_7276,,Grocery,Shirt,8.0,48836.33,390690.64,Consumer,Debit Card,Online
ORD101809,2025-05-02,Customer_8758,South,Clothing,Shoes,7.0,36234.85,253643.95,Corporate,Debit Card,Marketplace
ORD100442,2024-05-31,Customer_5450,East,Clothing,Monitor,3.0,47341.91,142025.73,Corporate,Debit Card,Store
ORD101521,2024-11-28,Customer_6161,South,Beauty,Keyboard,4.0,387.84,1551.36,Consumer,Net Banking,Marketplace
,2024-07-14,Customer_4196,Central,Sports,Backpack,2.0,67674.99,135349.98,Consumer,Debit Card,Marketplace
ORD101716,,Customer_1530,south,Beauty,Monitor,4.0,38693.68,154774.72,Consumer,Cash,Marketplace
ORD101257,2024-05-26,Customer_4314,East,Beauty,Laptop,,39358.13,314865.04,Consumer,Cash,Store
,2025-09-01,Customer_2283,Central,,Shoes,13.0,80898.12,1051675.56,Consumer,Credit Card,Online
ORD101632,2024-06-10,Customer_9231,East,Electronics,Mobile,6.0,4551.93,27311.58,Small Business,Debit Card ,Marketplace
ORD101696,2024-03-14,Customer_2655,Central,Sports,Laptop,11.0,25456.73,280024.03,Small Business,Debit Card,Online
ORD101398,2024-05-18,Customer_1207,South,Grocery,Desk,4.0,20145.04,80580.16,Consumer,UPI,Marketplace
ORD100664,2025-12-24,Customer_3347,West,Grocery,Laptop,13.0,74646.11,970399.43,Corporate,Cash,Marketplace 
ORD101836,2025-09-04,Customer_6632,South,Sports,Desk,6.0,43588.89,261533.34,Consumer,Net Banking,Online
ORD101258,2024-08-25,Customer_3161,West,ELECTRONICS,,11.0,52628.68,578915.48,Consumer,Credit Card,Store
ORD101774,2024-03-10,Customer_1507,Central,Electronics,Headphones,5.0,72340.51,361702.55,Small Business,,Online
ORD101701,2025-04-15,Customer_3580,East,Grocery ,Desk,11.0,90148.17,991629.87,Small Business,Net Banking,Store 
,2025-08-16,Customer_7563,central,Beauty,Laptop,12.0,1849.85,22198.2,Small Business,Cash,Store
ORD100649,2024-03-20,Customer_1724,Central,Electronics,Monitor,10.0,,253805.4,Small Business,Net Banking,Marketplace
ORD101435,2024-04-03,Customer_1721,West,Grocery,Laptop,9.0,86353.74,777183.66,Consumer,UPI,Marketplace
ORD101480,2024-04-26,Customer_5016,West,Beauty,Shirt,4.0,34103.04,136412.16,Small Business,Cash,Online
ORD100710,2025-08-29,Customer_7179,West,Clothing,Chair,13.0,55054.18,715704.34,Small Business,UPI,Store
ORD101383,2025-04-20,Customer_7401,East,Furniture,Monitor,11.0,,243677.17,Corporate,Cash,Store
ORD101283,2025-01-28,Customer_1152,North,Furniture,Monitor,10.0,53238.08,532380.8,Corporate,Cash,Marketplace
ORD100973,,Customer_4971,Central,Clothing,Keyboard,7.0,16686.83,116807.81,Small Business,UPI,Marketplace
ORD100628,2025-09-01,Customer_9715,East,Beauty,Mobile,11.0,64644.4,711088.4,Small Business,Cash,Online
ORD100633,2025-03-12,Customer_6671,South,Clothing,Headphones,1.0,86479.57,86479.57,Small Business,Debit Card,Store
ORD101307,2024-12-26,Customer_8210,Central,Clothing,Mobile,14.0,98012.89,1372180.46,Corporate,Cash,Online
ORD101401,2025-01-14,Customer_3684,West,Grocery,Desk,5.0,331.52,1657.6,Small Business,UPI,Online
ORD101409,2025-11-01,Customer_3079,East,Beauty,Headphones,3.0,80937.4,242812.2,CONSUMER,Debit Card,Marketplace
ORD101249,2024-03-21,Customer_8529,West,Furniture,Monitor,1.0,45067.32,45067.32,Small Business,UPI,Marketplace
ORD100449,2025-01-01,Customer_4697,, Furniture,Shirt,8.0,25762.7,,Corporate,Credit Card,Store
ORD101255,2025-05-24,Customer_1011,,Electronics,headphones,14.0,37068.23,518955.22,Consumer,Net Banking,Store
ORD101497,2025-10-20,Customer_7878,North,CLOTHING,Laptop,8.0,56506.44,,Small Business,Net Banking,Marketplace
ORD101372,2024-08-27,Customer_9808,SOUTH,Furniture,Shirt,4.0,47700.69,190802.76,Small Business,UPI,Store
ORD101530,2024-04-11,Customer_3230,West,Clothing,Chair,3.0,64806.55,194419.65,Consumer,Debit Card,Online
ORD101664,2025-08-30,Customer_3328,South,Electronics,Shoes,11.0,17691.94,194611.34,Corporate,Credit Card,Online
ORD101355,2024-04-02,Customer_2195,South,sports,Shoes,13.0,75486.66,981326.58,Corporate,Cash,Store
ORD100084,2025-10-25,Customer_8204,Central,Beauty,Keyboard,14.0,84010.72,1176150.08,Consumer,Net Banking,Online
ORD101725,2025-03-22,Customer_4899,Central,Electronics,,11.0,75202.04,827222.44,Consumer,UPI,Online
ORD101644,2025-11-21,Customer_9674,West,Sports,Mobile,11.0,45913.93,505053.23,Small Business,UPI,Marketplace
ORD101849,2025-11-03,Customer_2293,North,Electronics,Backpack,2.0,9841.68,19683.36,Consumer,Credit Card,Marketplace
ORD100796,2024-12-15,Customer_7739,East,Sports,Shirt,13.0,51059.96,663779.48,,UPI,Marketplace
ORD100646,2024-09-01,Customer_8314,North,Clothing,Keyboard,3.0,7734.04,23202.12,Consumer,Credit Card,Store
ORD101013,2025-09-01,Customer_3725,East,Clothing,Mobile,8.0,90139.47,721115.76,Corporate,Cash,
ORD101840,2024-12-08,Customer_1999,Central,Beauty,Backpack,1.0,50716.6,50716.6,Consumer,Debit Card,Online
ORD100557,2025-02-19,Customer_9653,East,Grocery,Laptop,9.0,89836.34,808527.06,Corporate,Credit Card,Store
ORD100682,2025-05-03,Customer_5913,South,,Shirt,2.0,8353.5,16707.0,Corporate,Credit Card,
ORD100578,2024-10-17,,Central,Beauty,Backpack,5.0,36543.34,182716.7,Consumer,Debit Card,Store
,2025-12-27,Customer_6003,North,Electronics,Monitor,3.0,42975.34,128926.02,,Net Banking,Online
ORD101267,2024-10-21,Customer_3711,North ,Furniture,Headphones,12.0,37953.14,455437.68,Small Business,Cash,Store
ORD101723,2024-04-18,Customer_6425,Central,Sports,Keyboard,11.0,2849.17,31340.87,Small Business,Debit Card,Online
ORD101184,2025-05-29,Customer_8015,South,Furniture,Desk,,92949.73,1022447.03,Consumer,Net Banking,Online
ORD100525,2025-12-04,Customer_5947,South,Grocery,Chair,3.0,51021.45,153064.35,Corporate,Debit Card,Marketplace
ORD101060,2025-02-22,Customer_2791,East,Clothing,Monitor,2.0,87435.25,174870.5,Small Business,Credit Card,Marketplace
ORD100541,2025-02-22,Customer_4618,North,Clothing,Keyboard,10.0,72170.06,721700.6,Consumer,Cash,Online
ORD101195,2025-11-01,Customer_6302,Central,Furniture,Laptop,2.0,72167.21,144334.42,Small Business,Debit Card,Store
ORD101679,2024-09-18,Customer_1011,West,grocery,Headphones,5.0,23280.78,116403.9,Small Business,Cash,Online
ORD100749,2024-09-01,Customer_3390,East,Furniture,Mobile,9.0,9466.32,85196.88,Small Business,Cash,Marketplace
ORD101852,2024-12-07,Customer_9226,Central,Clothing,Chair,7.0,70648.7,494540.9,Small Business,Net Banking,Marketplace
ORD101431,2024-10-09,Customer_2889,East,Beauty,Desk,8.0,14605.13,116841.04,Consumer,Net Banking,Store
ORD100485,2025-11-06,Customer_5662,East,Electronics,Mobile,14.0,37909.79,530737.06,Small Business,UPI ,Online
ORD101758,2025-10-05,Customer_1547,North,Beauty,Shoes,11.0,4859.36,53452.96,Small Business,Net Banking,
ORD100096,2025-12-05,Customer_8055,East,Beauty,Keyboard,14.0,44285.65,619999.1,Small Business,Net Banking,
ORD101021,,Customer_5239,West,Beauty,Mobile,11.0,11383.03,125213.33,Corporate,Cash,Store
ORD100564,2025-08-16,Customer_4312,South,Sports,Mobile,5.0,47875.58,239377.9,Consumer,Cash,
,2024-01-10,Customer_2350,North,Electronics,Shirt,8.0,34042.91,272343.28,Corporate,UPI,Online
ORD100743,2024-02-01,Customer_4328,North,Grocery,Shirt,7.0,41400.3,289802.1,Corporate,Debit Card,Marketplace
ORD100864,2025-02-18,Customer_7288,South,Beauty,Shoes,10.0,47258.84,472588.4,SMALL BUSINESS,Net Banking,Store
ORD101599,2025-09-20,Customer_7270,West,Grocery,Laptop,5.0,6065.68,30328.4,Corporate,Credit Card,Store
ORD101715,2024-11-28,Customer_7415,East,Grocery,Shirt,4.0,99244.98,396979.92,Consumer,Net Banking,Marketplace
ORD101485,2025-06-09,Customer_4817,South,Grocery,Laptop,6.0,13080.0,78480.0,Corporate,Credit Card,Store
ORD100892,2024-07-15,Customer_5390,South,Clothing,Monitor,10.0,82804.05,828040.5,Corporate,UPI,Marketplace
ORD101578,2024-11-15,Customer_7563,North,Furniture,Chair,7.0,34246.19,239723.33,Consumer,UPI,Marketplace
ORD101039,2025-08-12,Customer_2901,,Beauty,Headphones,13.0,481.33,6257.29,Corporate,Net Banking,Store
ORD100207,2024-08-04,Customer_8088,North,Furniture,Keyboard,12.0,41898.14,502777.68,Consumer,Credit Card,Marketplace
ORD100393,2025-07-21,Customer_2020,South,,Chair,6.0,61773.44,370640.64,Consumer,Cash,Store
ORD100795,2025-10-25,Customer_9719,West,BEAUTY,Keyboard,3.0,87438.82,262316.46,Small Business, Credit Card,
ORD100871,2025-04-29,Customer_8161,West,Electronics,Mobile,4.0,78733.95,314935.8,Consumer,Cash,Marketplace
ORD100398,2024-09-27,,South,Furniture,Headphones,13.0,,755756.43,Consumer,Cash ,Store
ORD100767,2025-08-15,Customer_6770,East,Grocery,Monitor,13.0,37588.46,488649.98,Consumer,UPI,Online
ORD101842,2024-12-03,Customer_9561,West,Beauty,Shirt,10.0,90666.56,906665.6,Corporate,UPI,Online
ORD101242,2025-06-27,Customer_9967,South,,Keyboard,9.0,40449.4,364044.6,Small Business,Credit Card,Online
ORD101029,,Customer_8586,Central,Furniture,backpack,6.0,43606.99,261641.94,Consumer,Cash,
ORD101793,2025-10-22,Customer_9043,East,Clothing,Shoes,6.0,33762.78,202576.68,Small Business,UPI,
ORD100643,2025-06-17,Customer_2102,West,Furniture,Shoes,13.0,65903.35,856743.55,Small Business,,Marketplace
ORD101892,2024-05-20,Customer_5327,East,Grocery,Monitor,1.0,7303.9,7303.9,Corporate,,Store
ORD100613,2024-08-12,Customer_3178,Central,Sports,Desk,7.0,13466.99,,,Cash,Marketplace
,2025-04-04,Customer_2715,North,Grocery,Shirt,9.0,51614.37,464529.33,Small Business,Credit Card,Online
ORD100961,2024-11-08,Customer_8055,WEST,Beauty,Backpack,11.0,18753.66,206290.26,Small Business,Cash,Marketplace
ORD101571,2025-02-24,Customer_3290,East,Furniture,Backpack,14.0,57578.0,806092.0,Corporate,Cash,Online
ORD100726,2024-11-30,,Central,Clothing,Mobile,4.0,97841.89,391367.56,Consumer,UPI ,Store
ORD100684,2024-12-26,,North ,Electronics,Keyboard,7.0,89900.19,629301.33,Consumer,,Store
ORD100099,2025-12-02,Customer_5813,West,Grocery,Monitor,8.0,72469.82,579758.56,Corporate,UPI,Marketplace
ORD100805,2025-12-25,Customer_8054,South,Clothing,Desk,13.0,2390.99,31082.87,Corporate,Cash,Store
ORD101752,2024-06-26,Customer_2661,Central,Electronics,Mobile,2.0,36498.99,72997.98,Corporate,UPI,Marketplace
ORD101598,2025-09-28,Customer_1483,Central,Electronics,Shoes,4.0,47392.75,189571.0,Corporate,Net Banking,Store
ORD100407,2024-12-17,Customer_6804,West,Electronics,Shirt,1.0,79998.13,79998.13,Consumer,Credit Card,Online
ORD100503,,Customer_5833,East,Sports,Shoes,6.0,38314.38,229886.28,Small Business,UPI,Store
ORD101072,2025-02-14,Customer_4053,North,,Headphones,14.0,42202.26,590831.64,Corporate,UPI,Online
ORD101057,2024-04-03,Customer_2885,North,Grocery,Chair,12.0,6003.48,72041.76,Consumer,Debit Card ,Store
ORD100930,2024-09-15,Customer_3777,North,Sports,SHOES,7.0,11282.4,78976.8,Consumer,Net Banking,Marketplace
ORD100780,2024-04-14,Customer_7756,East,Sports,Backpack,4.0,50254.82,201019.28,Small Business,UPI,Store
ORD100201,2025-07-16,Customer_8632,West,Clothing,Shoes,9.0,,299684.07,Corporate,UPI,Store
ORD100135,2024-04-22,Customer_7077,East,Sports,Shirt,1.0,39614.95,39614.95,Corporate,Net Banking,Store
ORD101052,2024-07-04,Customer_8412,Central,Beauty,Headphones,5.0,40889.8,204449.0,Corporate,Cash,Store
ORD100041,2024-04-14,Customer_1266,SOUTH,Sports,Chair,12.0,11672.8,140073.6,Consumer,Debit Card,Online
ORD101018,2025-04-24,Customer_2735,South,Sports,Shoes,2.0,87994.21,175988.42,Small Business,UPI,Store
ORD100231,2024-01-08,Customer_3526,Central,Sports,Keyboard,11.0,46634.7,512981.7,Corporate,UPI,Online
ORD101514,2024-05-09,Customer_2226,North, Sports,Laptop,6.0,49907.22,299443.32,Consumer,Credit Card,Store
ORD101797,2025-06-03,Customer_1062,North,Electronics,Desk,5.0,76272.04,381360.2,Corporate,Cash,Marketplace
ORD100379,2024-03-11,Customer_4968,North,Grocery,Monitor,14.0,74712.88,1045980.32,Corporate,Net Banking,Marketplace
ORD100289,2025-10-29,Customer_9433,East,Beauty,Mobile,6.0,,62523.36,Corporate,Credit Card,Store
ORD100419,2024-10-10,Customer_6194,North,Electronics,Keyboard,12.0,358.14,4297.68,Corporate,Cash,Store
ORD101699,2025-03-22,Customer_6285,West,Furniture,Desk,4.0,,357899.28, Small Business,UPI,Store
ORD100392,2025-11-14,Customer_8726,West,Electronics,Mobile,7.0,16716.53,117015.71,Small Business,Net Banking,Online
ORD100593,2024-09-07,Customer_7941,North,Sports,Shoes,14.0,69192.64,968696.96,Consumer,Credit Card,Online
ORD101523,2025-09-03,Customer_6345,Central,Clothing,Shoes,8.0,18683.7,,Consumer,Credit Card,Online
ORD101163,,Customer_9898,South,Grocery,Keyboard,7.0,85428.19,597997.33,Corporate,UPI,Marketplace
ORD101087,2025-02-27,Customer_4063,,Sports,Monitor,10.0,45039.24,450392.4,Consumer,Debit Card,Store
ORD101496,2025-04-14,Customer_4902,West,Furniture,Backpack,11.0,4324.95,47574.45,Small Business,Credit Card,Store 
ORD100648,2025-03-26,Customer_5009,North,Electronics,Monitor,1.0,93038.86,93038.86,Corporate,Credit Card,Store
ORD101153,2025-05-16,Customer_4683,East,Clothing,Shoes,13.0,23961.78,311503.14,Small Business,Cash,Online 
ORD101368,2025-10-15,Customer_7939,Central,,Desk,10.0,44401.24,444012.4,Corporate,Cash,Marketplace
ORD100521,2025-03-22,Customer_4858,South,Furniture,Shirt,6.0,34233.28,205399.68,Small Business,Net Banking,Marketplace
ORD101863,2024-05-12,Customer_7936,South,Electronics,Laptop,1.0,87946.17,87946.17,Corporate,UPI,Online
ORD100065,2025-11-08,Customer_1686,West,Beauty,Keyboard,9.0,67637.62,608738.58,Corporate,Credit Card,Online
ORD101837,2024-02-23,Customer_9871,East,Beauty,Monitor,9.0,54976.05,494784.45,Corporate,Cash,Store
ORD100015,2024-01-31,Customer_1269,North,Furniture,Backpack,5.0,86829.26,434146.3,Consumer,Cash,Marketplace
ORD101181,2025-05-22,Customer_4882,Central,Electronics,Laptop,2.0,67574.48,135148.96,Corporate,Credit Card,Online
ORD101065,2024-06-13,Customer_3623,Central,Beauty,Backpack,11.0,22750.37,250254.07,Small Business,Credit Card,Store
ORD100493,2025-10-18,Customer_5470,East,Beauty, Backpack,7.0,,444727.57,Small Business,Credit Card,Marketplace
ORD100380,2024-09-07,Customer_1517,North,,Laptop,5.0,71577.54,357887.7,Consumer,Cash,Online
ORD100188,2024-09-02,Customer_2412,East,Furniture,Backpack,11.0,59368.54,653053.94,Consumer,Cash,Store
ORD100764,2024-06-16,Customer_9037,South,Sports,Desk,10.0,81530.33,815303.3, Consumer,Cash,Store
ORD100217,2025-03-24,Customer_4694,West,Sports,Chair,14.0,50534.0,707476.0,Corporate,,Online
ORD100792,2025-01-14,Customer_8993,Central,Electronics,Monitor,3.0,18213.8,54641.4,Consumer,UPI,Store
ORD101077,2024-11-18,Customer_8365, East,Beauty,Chair,4.0,97280.35,389121.4,Consumer,Net Banking,Marketplace
ORD100879,2025-12-20,Customer_8381,South,ELECTRONICS,Desk,13.0,4745.41,61690.33,Corporate,Cash,Store
ORD100338,2025-02-17,Customer_7576,West,Grocery,Desk,5.0,9139.12,45695.6,Corporate,Debit Card,Store
ORD101773,,,Central,Sports,Headphones ,7.0,36281.41,253969.87,Corporate,UPI,Online
ORD100720,2024-02-21,Customer_4470,East,Beauty,Backpack,10.0,31760.56,317605.6,Small Business,Cash,Online
ORD101749,2024-05-29,Customer_6754,West,Beauty,Shirt,3.0,59420.87,178262.61,Consumer,Debit Card,Marketplace
ORD100296,2025-05-12,Customer_7442,West,Clothing,Shirt,6.0,32380.75,194284.5,Small Business,Cash,Marketplace
ORD101726,2025-08-26,Customer_6682,South,Clothing,Headphones,2.0,22946.57,45893.14,Consumer,Debit Card,Marketplace
ORD101017,2024-05-07,Customer_8052,West,Grocery,Keyboard,5.0,81943.58,409717.9,Corporate,Debit Card,Marketplace
ORD101276,2025-10-16,Customer_4496,East,Beauty,Desk,3.0,58064.13,174192.39,Consumer,Net Banking ,Store
ORD101751,,Customer_7149,North,Furniture,Mobile,6.0,63640.64,381843.84,Consumer,Debit Card,Marketplace
,2025-08-30,Customer_9872,East,Sports,Keyboard,12.0,56541.94,678503.28,Small Business,Credit Card,Store
ORD100456,2025-07-27,Customer_2647,Central,Sports,Desk,11.0,44327.42,487601.62,Corporate,Cash,Online
ORD100228,2024-08-23,Customer_2530,North,Grocery,Headphones,7.0,28457.07,199199.49,Small Business,Cash,Online
ORD100816,2025-03-22,Customer_5379,North,Sports,Monitor,9.0,12325.44,110928.96,Consumer,Net Banking,Marketplace
ORD101887,2024-08-07,Customer_2654,West,Electronics,Backpack,4.0,24788.44,99153.76,Consumer,Net Banking,Online
ORD100270,2025-02-16,Customer_4960,West,Sports,Shirt,3.0,37997.92,113993.76,Corporate,Debit Card,Marketplace
ORD100996,2024-09-27,Customer_7932,Central,Electronics,Desk,8.0,99708.11,797664.88,Small Business,Credit Card,Store
ORD100202,2024-06-18,Customer_9476,North,Clothing,Mobile,5.0,54293.62,271468.1,Consumer,Cash,Online
ORD100162,2025-04-09,Customer_2213,South,Electronics,Backpack,5.0,69350.07,,Corporate,Net Banking,Store
ORD101580,,Customer_2376,South,,Monitor,3.0,22404.01,67212.03,Small Business,UPI,Marketplace
ORD100730,2025-03-07,Customer_7236,West,Grocery,Headphones,5.0,5480.43,27402.15,Small Business,UPI,Online
ORD100402,2024-06-08,Customer_3837,South,Beauty,Chair,11.0,97674.85,1074423.35,Corporate,UPI,Store
ORD100703,2024-06-18,Customer_8369,East,Furniture,,6.0,61688.32,370129.92,Corporate,Cash,Store
ORD101501,2025-02-15,Customer_5584,West,Clothing,Headphones,13.0,13997.67,181969.71,,Cash,Online
ORD101846,2025-01-30,Customer_4860,East,Electronics,Keyboard,7.0,79774.98,558424.86,Consumer,Debit Card,Marketplace
ORD101796,2025-08-31,Customer_6911,Central,Beauty,Headphones,14.0,22126.79,309775.06,Small Business,Cash,Store
ORD101130,2025-05-09,Customer_6154,West,Sports,Backpack,10.0,34147.49,341474.9,Consumer,Cash,Store
ORD100566,2025-11-01,Customer_3455,central,Grocery,,13.0,23331.88,303314.44,Corporate,UPI,Store
ORD101414,2024-10-13,Customer_8034,East,Sports,Shirt,6.0,,434055.78,Small Business,Credit Card,Marketplace
ORD101022,2025-02-16,Customer_4637,South,Grocery,Monitor,11.0,8809.23,96901.53,Corporate,Debit Card,Online
ORD101026,2025-05-20,Customer_8303,West,Beauty,Monitor,7.0,73993.16,517952.12,Consumer,Credit Card,Marketplace 
ORD101412,2025-09-22,Customer_1480,North,Beauty,Headphones,8.0,10529.97,84239.76,Small Business,Debit Card,Marketplace
ORD101896,2024-04-13,Customer_1613,West,Electronics,Chair,1.0,78507.7,78507.7,Corporate,Cash,Store
,2025-05-08,Customer_8265,West,Electronics,Desk,2.0,87937.59,175875.18,Consumer,Credit Card,
ORD101105,2024-05-04,Customer_2388,Central,Furniture,Shoes,13.0,98903.93,1285751.09,Corporate,Debit Card,Store
ORD100206,2025-03-09,Customer_3114,East,Grocery,Headphones,12.0,22134.06,265608.72,Corporate,Credit Card,Store
ORD100035,2025-03-08,Customer_7397,West,Clothing,Mobile,12.0,75687.92,908255.04,Consumer,,Store
ORD100776,2025-08-29,Customer_1554,Central,Clothing,Monitor,,67870.04,67870.04,Small Business,Cash,Marketplace
ORD100509,2024-12-19,Customer_6372,Central,Beauty,Shirt,11.0,24441.31,268854.41,Consumer,UPI,Store
ORD101452,2024-08-09,Customer_2276,North,Furniture,Shirt,2.0,45449.29,90898.58,Small Business,Debit Card,Store
ORD101479,,Customer_9954,East,Grocery,Laptop,1.0,46750.1,46750.1,Consumer,Debit Card,Marketplace
ORD101672,2025-09-05,Customer_2478,East,Grocery,Desk,9.0,39581.07,356229.63,Corporate,Debit Card,Online
ORD101391,2024-02-08,Customer_8118,West,Beauty,Mobile ,1.0,64482.58,64482.58,Consumer,Cash,Marketplace
,2025-04-18,Customer_5369,West,Sports,Monitor,10.0,90961.5,909615.0,,Net Banking,Online
ORD101364,2025-11-19,Customer_9300,East,Grocery,Mobile,3.0,36290.58,108871.74,Small Business,Net Banking,marketplace
ORD100898,2025-09-03,Customer_6909,West,Beauty,Mobile,5.0,72543.06,362715.3,Small Business,Cash,Marketplace
ORD100565,2025-09-13,Customer_9792,West,Furniture,Chair,6.0,50660.14,303960.84,Small Business,Credit Card,Marketplace
ORD101370,2024-04-20,Customer_2350,Central,Grocery,Shoes,11.0,59181.54,650996.94,Corporate,Net Banking,Marketplace
ORD100777,2025-12-08,Customer_2217,South,Furniture,Monitor,7.0,75650.84,529555.88,Corporate,Cash,Marketplace
ORD100242,2024-08-31,Customer_9159,East,Sports,Mobile,8.0,43772.82,350182.56,Consumer,UPI,Online
ORD100014,2024-02-02,Customer_9782,West,Grocery,Desk,8.0,52173.91,417391.28,Corporate,Cash,Marketplace
ORD100316,2024-08-10,Customer_6995,West,Clothing,Shirt,1.0,97865.27,97865.27,Small Business,UPI,Marketplace
ORD100601,2024-07-18,Customer_5703,Central,Electronics,Monitor,2.0,84816.79,169633.58,Small Business,Debit Card,Store
ORD100388,2025-09-18,Customer_7765,,Electronics,Shirt,12.0,38069.44,456833.28,Consumer,Debit Card,Marketplace
ORD101298,2024-01-09,Customer_5902,West,Grocery,Shirt,6.0,44468.36,266810.16,Corporate,Cash,Online
ORD100167,2025-06-03,Customer_6236,Central,Electronics,Shoes,10.0,12509.57,125095.7,Small Business,Credit Card,Marketplace
ORD100841,2025-09-02,Customer_1697,Central,Beauty,Shoes,14.0,69797.3,977162.2,Consumer,Net Banking,Store
ORD100021,2024-01-28,Customer_1025,East,Electronics,Shirt,5.0,93016.03,465080.15,Consumer,Credit Card,Marketplace
ORD100647,2024-10-08,Customer_1797,West,Sports,Desk,7.0,28008.83,196061.81,Corporate,Credit Card,Store
ORD101843,2024-04-06,Customer_7858,North,Electronics ,Mobile,12.0,1704.58,20454.96,Consumer,Cash,Online
ORD101509,2024-03-23,Customer_2391,East,Beauty,Shoes,1.0,26969.91,26969.91,CORPORATE,Debit Card,Online
ORD101155,2025-04-02,Customer_5729,South,Electronics,Laptop,5.0,45101.48,225507.4,Consumer,Credit Card,Store
ORD101529,2025-03-16,Customer_4321,Central,Beauty,DESK,10.0,73076.59,730765.9,Consumer,Cash,Online
ORD100832,2025-05-21,Customer_1919,East,Furniture,Desk,5.0,74024.64,370123.2,Small Business,Cash,
ORD101268,2025-11-24,Customer_1848,South,Beauty,Monitor,,770.37,10014.81,Corporate,UPI,Marketplace
ORD101591,2025-01-11,Customer_1699,North,Clothing,Monitor,11.0,29185.31,321038.41,Small Business,Cash,Store
ORD101900,2024-02-08,Customer_3356,North,Electronics,Backpack,12.0,78548.35,942580.2,Corporate,Credit Card,Marketplace
ORD100563,2025-03-16,Customer_9281,Central,Furniture,Monitor,7.0,12264.01,85848.07,,Debit Card,Store
ORD101719,2025-12-07,Customer_4619,North,Furniture,Desk,4.0,84742.44,338969.76,Consumer,UPI,Store
ORD100687,,Customer_4948,Central,Electronics,Backpack,14.0,97601.49,1366420.86,Corporate,Debit Card,Marketplace
ORD100958,2024-10-31,Customer_6399,West,Grocery,Headphones,6.0,9431.46,56588.76,Small Business,cash,Online
ORD100190,2024-09-03,Customer_6067,South,FURNITURE,Backpack,4.0,47979.96,191919.84,Consumer,UPI ,Store
ORD101807,2024-11-25,Customer_5781,West,Clothing,Laptop,14.0,62880.56,880327.84,Small Business,Cash,Marketplace
ORD100976,2025-07-19,Customer_5592,East,Grocery,Headphones,14.0,89728.92,1256204.88,Small Business,Net Banking,Marketplace
ORD100700,2025-11-15,Customer_4331,South,Sports,Shirt,14.0,48652.95,681141.3,Corporate,Cash,Marketplace
ORD101500,,Customer_3332,West,Furniture,Monitor,14.0,67617.19,946640.66,Corporate,Net Banking,Store
ORD101706,2025-08-10,Customer_6846,North,Grocery,Headphones,2.0,51320.75,102641.5,Consumer,Credit Card,Store
ORD100511,2025-03-22,Customer_7567,North,Electronics,Keyboard,5.0,9383.62,46918.1,Consumer,Credit Card,Online
ORD101083,2024-01-02,Customer_5560,North,Sports,Keyboard,4.0,55962.56,223850.24,Consumer,Cash,Online
ORD100475,2024-02-09,Customer_1595,Central,Grocery,Monitor,13.0,66993.3,870912.9,Small Business,Cash,Store
ORD101585,2025-11-03,Customer_4239,East,Beauty,Desk,12.0,54883.37,658600.44,Consumer,Credit Card,Online
ORD100857,2025-12-29,Customer_2260,West,Clothing,Monitor,5.0,78043.29,390216.45,CORPORATE,Cash,Store
ORD100748,2024-06-05,Customer_4625,East,Electronics,,12.0,15241.78,182901.36,SMALL BUSINESS,Net Banking ,Online
ORD100253,2025-04-29,Customer_3589,North,Electronics,Mobile,2.0,1002.14,2004.28,Consumer,Debit Card,Marketplace
,,Customer_6780,South,Clothing,Backpack,2.0,10672.83,21345.66,Corporate,Cash,Store
ORD101338,2025-05-28,Customer_9108,North,Furniture,Headphones,14.0,,1269850.26,Small Business,UPI,Marketplace
ORD100460,,Customer_7666,South,Clothing,Chair,1.0,34174.89,34174.89,Small Business,UPI,Marketplace
ORD101185,2025-08-27,Customer_3719,Central,Electronics,Backpack,4.0,16603.87,66415.48,Corporate,Credit Card,Online
ORD100277,2025-04-04,Customer_2586,South,Furniture,Laptop,,86435.2,605046.4,Small Business,Credit Card,Marketplace
ORD100956,2025-04-06,Customer_6443,North,Electronics,Headphones,10.0,45224.51,452245.1,,UPI,Store
ORD101216,2024-03-11,Customer_7146,South,Grocery,Shirt,6.0,88815.1,532890.6,Corporate,Cash,Online
,2025-12-21,Customer_7861,Central,Clothing,Headphones,1.0,95470.54,,Consumer,Credit Card,Online
ORD100806,2024-06-05,Customer_3937,South,Furniture,Laptop,9.0,32278.59,290507.31,Consumer,UPI,Online
ORD101438,2025-10-19,Customer_1753,South,Sports,Mobile,9.0,,137859.57,Small Business,Net Banking,Marketplace
ORD101516,2025-10-01,Customer_8126,North,Grocery,Mobile,1.0,86595.43,,Corporate,Cash,Marketplace
ORD100344,2024-02-10,Customer_6456,West,Sports,Mobile,3.0,43873.42,,Small Business,Debit Card,Store
ORD100770,2025-08-12,Customer_9954,North,Sports,Headphones,3.0,84819.97,254459.91,Small Business,Credit Card,Store
ORD101333,2024-07-24,Customer_4090,North,Furniture,Laptop,13.0,46198.41,600579.33,Corporate,UPI,Store
ORD101686,2024-06-28,Customer_1975,East,Grocery,Shoes,,,501343.44,SMALL BUSINESS,UPI,
ORD100131,2025-06-05,Customer_7272,North,Sports,Laptop,1.0,98436.71,98436.71,Consumer,UPI,online
ORD101688,2025-01-24,Customer_3420,Central,Clothing,Keyboard,1.0,37760.86,37760.86,Small Business,Debit Card,Online
ORD100872,2025-07-20,Customer_4803,East,Clothing,Shoes,11.0,97485.98,1072345.78,Corporate,Cash,Marketplace
ORD101124,2025-05-25,Customer_3838,Central,Furniture,Keyboard,9.0,2611.68,23505.12,Corporate,Credit Card,Marketplace
ORD101397,2025-07-04,Customer_2956,Central,Grocery,Backpack,4.0,99055.55,396222.2,,Credit Card,Online
ORD100088,2024-06-24,Customer_9129,South,Beauty,Headphones,4.0,86818.63,347274.52,Consumer,Net Banking,online
ORD101483,2025-04-04,Customer_7718,West,Sports,Mobile,4.0,93095.65,372382.6,Corporate,Debit Card,Store
ORD100331,2024-03-23,Customer_7453,,Furniture,Monitor,12.0,34922.51,419070.12,Corporate,Credit Card,Store
ORD101239,2025-03-17,Customer_6289,South,Grocery,Backpack,5.0,6831.72,34158.6,Small Business,Credit Card,Store
ORD100467,2025-02-25,Customer_1969,West,Sports,Backpack,13.0,64564.45,839337.85,Small Business,Cash,Online
ORD100122,2025-07-05,Customer_1510,North,Beauty,Laptop,7.0,60769.91,425389.37,Consumer,Net Banking,Marketplace
ORD101639,2024-02-23,Customer_4588,North,Clothing,Shoes,13.0,62128.77,807674.01,Corporate,Credit Card,Store
ORD101045,2024-02-11,Customer_4389,Central,Electronics,Backpack,5.0,7800.09,39000.45,Corporate,Credit Card,Online
ORD101725,2025-03-22,Customer_4899,Central,Electronics,Shoes,11.0,75202.04,827222.44,Consumer,UPI,Online
ORD101096,2024-02-22,Customer_6134,West,Grocery,Mobile,11.0,7516.66,82683.26,Corporate,Credit Card,Store
ORD101131,2025-04-28,Customer_8389,South,Furniture,Shirt,3.0,16565.99,49697.97,Corporate,Debit Card,Marketplace
ORD101295,2025-11-05,Customer_2690,West,Furniture,Desk,14.0,37102.66,519437.24,Consumer,Debit Card,Online 
ORD100861,2024-04-05,Customer_7375,Central,Furniture,Keyboard,4.0,13221.81,52887.24,Small Business,,Online
ORD101460,2024-05-13,Customer_1752,West,Furniture,Keyboard,6.0,29068.01,174408.06,Small Business,Cash,Store
ORD101127,2025-12-23,Customer_5732,North,Clothing,Laptop,4.0,91076.59,364306.36,Corporate,UPI,Online
